variant_id,variant_group,function,dimension,noise_sigma,baseline_delta,variant_delta,delta_change_vs_baseline,is_p1_target,is_p2_check,p1_improved,p2_less_negative
geom_k090_r005,geometry,ellipsoid_cond1e6,10,0.0,-183.1346473157025,-351.5511389671043,-168.4164916514018,False,False,True,False
geom_k090_r005,geometry,ellipsoid_cond1e6,10,0.1,-296.62265260187456,-351.5240809002831,-54.90142829840852,False,False,True,False
geom_k090_r005,geometry,ellipsoid_cond1e6,10,0.2,-165.06003099436293,-377.64774148094455,-212.5877104865816,False,False,True,False
geom_k090_r005,geometry,ellipsoid_cond1e6,20,0.0,-37674.6447805527,-40836.71901068367,-3162.074230130973,False,False,True,False
geom_k090_r005,geometry,ellipsoid_cond1e6,20,0.1,-37674.74856099834,-40836.82046729532,-3162.07190629698,False,False,True,False
geom_k090_r005,geometry,ellipsoid_cond1e6,20,0.2,-37674.65207957549,-40836.72220911246,-3162.0701295369654,False,False,True,False
geom_k090_r005,geometry,ellipsoid_cond1e6,40,0.0,-620317.3470573493,-620722.9963554435,-405.649298094213,False,True,True,False
geom_k090_r005,geometry,ellipsoid_cond1e6,40,0.1,-620317.4553029037,-620723.0861733969,-405.6308704932453,False,True,True,False
geom_k090_r005,geometry,ellipsoid_cond1e6,40,0.2,-620317.0468367639,-620722.983376712,-405.936539948103,False,True,True,False
geom_k090_r005,geometry,rastrigin,10,0.0,-6.481236128559136,-10.238330294255448,-3.757094165696312,False,False,True,False
geom_k090_r005,geometry,rastrigin,10,0.1,-3.3382561243420232,-7.803311664806655,-4.465055540464632,False,False,True,False
geom_k090_r005,geometry,rastrigin,10,0.2,-5.069016704637309,-9.463769112596308,-4.3947524079589995,False,False,True,False
geom_k090_r005,geometry,rastrigin,20,0.0,-38.84128583220361,-79.64252872239359,-40.80124289018998,False,False,True,False
geom_k090_r005,geometry,rastrigin,20,0.1,-35.1046767249787,-74.22760965796158,-39.12293293298288,False,False,True,False
geom_k090_r005,geometry,rastrigin,20,0.2,-31.2629414450224,-73.86939853029372,-42.60645708527132,False,False,True,False
geom_k090_r005,geometry,rastrigin,40,0.0,-48.63559840001883,-155.34043173927688,-106.70483333925804,False,False,True,False
geom_k090_r005,geometry,rastrigin,40,0.1,-33.246049739603365,-146.04124322560892,-112.79519348600556,False,False,True,False
geom_k090_r005,geometry,rastrigin,40,0.2,-36.96853760624393,-144.90640000078514,-107.93786239454121,False,False,True,False
geom_k090_r005,geometry,rosenbrock,10,0.0,2.1667428996053584,-0.1056851976969697,-2.272428097302328,True,False,True,False
geom_k090_r005,geometry,rosenbrock,10,0.1,2.0156707156372624,-0.1987057207804099,-2.2143764364176723,True,False,True,False
geom_k090_r005,geometry,rosenbrock,10,0.2,1.9687512311536377,0.384785586473011,-1.5839656446806267,True,False,True,False
geom_k090_r005,geometry,rosenbrock,20,0.0,28.988317206678627,5.989423258539693,-22.998893948138935,True,False,True,False
geom_k090_r005,geometry,rosenbrock,20,0.1,27.940058249224585,4.953140334450769,-22.986917914773816,True,False,True,False
geom_k090_r005,geometry,rosenbrock,20,0.2,28.174663946019255,4.5702859169252275,-23.60437802909403,True,False,True,False
geom_k090_r005,geometry,rosenbrock,40,0.0,-62.47905884580223,-123.29837654073737,-60.81931769493514,False,False,True,False
geom_k090_r005,geometry,rosenbrock,40,0.1,-67.62009211594906,-143.47098334341152,-75.85089122746245,False,False,True,False
geom_k090_r005,geometry,rosenbrock,40,0.2,-64.83059169289834,-125.84688157750386,-61.01628988460553,False,False,True,False
geom_k090_r005,geometry,sphere,10,0.0,0.0182942847429511,0.0048311471699556,-0.013463137572995502,True,False,True,False
geom_k090_r005,geometry,sphere,10,0.1,0.0570608013696232,0.0148302194755543,-0.042230581894068905,True,False,True,False
geom_k090_r005,geometry,sphere,10,0.2,0.0700481636406968,0.0136430142927208,-0.056405149347976,True,False,True,False
geom_k090_r005,geometry,sphere,20,0.0,0.2788117941284454,0.0671804208695565,-0.21163137325888892,True,False,True,False
geom_k090_r005,geometry,sphere,20,0.1,0.3169620104504939,0.050859266843607,-0.2661027436068869,True,False,True,False
geom_k090_r005,geometry,sphere,20,0.2,0.314051758734625,0.0550637792330616,-0.2589879795015634,True,False,True,False
geom_k090_r005,geometry,sphere,40,0.0,1.1681417571731654,1.040439675417962,-0.12770208175520348,False,False,True,False
geom_k090_r005,geometry,sphere,40,0.1,1.1289715889764125,0.999750088028943,-0.12922150094746943,False,False,True,False
geom_k090_r005,geometry,sphere,40,0.2,1.0112006513862672,0.962625541920793,-0.048575109465474275,False,False,True,False
geom_k090_r010,geometry,ellipsoid_cond1e6,10,0.0,-183.1346473157025,-183.1346473157025,0.0,False,False,False,False
geom_k090_r010,geometry,ellipsoid_cond1e6,10,0.1,-296.62265260187456,-296.62265260187456,0.0,False,False,False,False
geom_k090_r010,geometry,ellipsoid_cond1e6,10,0.2,-165.06003099436293,-165.06003099436293,0.0,False,False,False,False
geom_k090_r010,geometry,ellipsoid_cond1e6,20,0.0,-37674.6447805527,-37674.6447805527,0.0,False,False,False,False
geom_k090_r010,geometry,ellipsoid_cond1e6,20,0.1,-37674.74856099834,-37674.74856099834,0.0,False,False,False,False
geom_k090_r010,geometry,ellipsoid_cond1e6,20,0.2,-37674.65207957549,-37674.65207957549,0.0,False,False,False,False
geom_k090_r010,geometry,ellipsoid_cond1e6,40,0.0,-620317.3470573493,-620317.3470573493,0.0,False,True,False,False
geom_k090_r010,geometry,ellipsoid_cond1e6,40,0.1,-620317.4553029037,-620317.4553029037,0.0,False,True,False,False
geom_k090_r010,geometry,ellipsoid_cond1e6,40,0.2,-620317.0468367639,-620317.0468367639,0.0,False,True,False,False
geom_k090_r010,geometry,rastrigin,10,0.0,-6.481236128559136,-6.481236128559136,0.0,False,False,False,False
geom_k090_r010,geometry,rastrigin,10,0.1,-3.3382561243420232,-3.3382561243420232,0.0,False,False,False,False
geom_k090_r010,geometry,rastrigin,10,0.2,-5.069016704637309,-5.069016704637309,0.0,False,False,False,False
geom_k090_r010,geometry,rastrigin,20,0.0,-38.84128583220361,-38.84128583220361,0.0,False,False,False,False
geom_k090_r010,geometry,rastrigin,20,0.1,-35.1046767249787,-35.1046767249787,0.0,False,False,False,False
geom_k090_r010,geometry,rastrigin,20,0.2,-31.2629414450224,-31.2629414450224,0.0,False,False,False,False
geom_k090_r010,geometry,rastrigin,40,0.0,-48.63559840001883,-48.63559840001883,0.0,False,False,False,False
geom_k090_r010,geometry,rastrigin,40,0.1,-33.246049739603365,-33.246049739603365,0.0,False,False,False,False
geom_k090_r010,geometry,rastrigin,40,0.2,-36.96853760624393,-36.96853760624393,0.0,False,False,False,False
geom_k090_r010,geometry,rosenbrock,10,0.0,2.1667428996053584,2.1667428996053584,0.0,True,False,False,False
geom_k090_r010,geometry,rosenbrock,10,0.1,2.0156707156372624,2.0156707156372624,0.0,True,False,False,False
geom_k090_r010,geometry,rosenbrock,10,0.2,1.9687512311536377,1.9687512311536377,0.0,True,False,False,False
geom_k090_r010,geometry,rosenbrock,20,0.0,28.988317206678627,28.988317206678627,0.0,True,False,False,False
geom_k090_r010,geometry,rosenbrock,20,0.1,27.940058249224585,27.940058249224585,0.0,True,False,False,False
geom_k090_r010,geometry,rosenbrock,20,0.2,28.174663946019255,28.174663946019255,0.0,True,False,False,False
geom_k090_r010,geometry,rosenbrock,40,0.0,-62.47905884580223,-62.47905884580223,0.0,False,False,False,False
geom_k090_r010,geometry,rosenbrock,40,0.1,-67.62009211594906,-67.62009211594906,0.0,False,False,False,False
geom_k090_r010,geometry,rosenbrock,40,0.2,-64.83059169289834,-64.83059169289834,0.0,False,False,False,False
geom_k090_r010,geometry,sphere,10,0.0,0.0182942847429511,0.0182942847429511,0.0,True,False,False,False
geom_k090_r010,geometry,sphere,10,0.1,0.0570608013696232,0.0570608013696232,0.0,True,False,False,False
geom_k090_r010,geometry,sphere,10,0.2,0.0700481636406968,0.0700481636406968,0.0,True,False,False,False
geom_k090_r010,geometry,sphere,20,0.0,0.2788117941284454,0.2788117941284454,0.0,True,False,False,False
geom_k090_r010,geometry,sphere,20,0.1,0.3169620104504939,0.3169620104504939,0.0,True,False,False,False
geom_k090_r010,geometry,sphere,20,0.2,0.314051758734625,0.314051758734625,0.0,True,False,False,False
geom_k090_r010,geometry,sphere,40,0.0,1.1681417571731654,1.1681417571731654,0.0,False,False,False,False
geom_k090_r010,geometry,sphere,40,0.1,1.1289715889764125,1.1289715889764125,0.0,False,False,False,False
geom_k090_r010,geometry,sphere,40,0.2,1.0112006513862672,1.0112006513862672,0.0,False,False,False,False
geom_k090_r020,geometry,ellipsoid_cond1e6,10,0.0,-183.1346473157025,108.06419137031554,291.198838686018,False,False,False,True
geom_k090_r020,geometry,ellipsoid_cond1e6,10,0.1,-296.62265260187456,113.721988118242,410.34464072011656,False,False,False,True
geom_k090_r020,geometry,ellipsoid_cond1e6,10,0.2,-165.06003099436293,108.35977670431714,273.4198076986801,False,False,False,True
geom_k090_r020,geometry,ellipsoid_cond1e6,20,0.0,-37674.6447805527,-23120.08022127459,14554.564559278107,False,False,False,True
geom_k090_r020,geometry,ellipsoid_cond1e6,20,0.1,-37674.74856099834,-23120.02457600978,14554.723984988563,False,False,False,True
geom_k090_r020,geometry,ellipsoid_cond1e6,20,0.2,-37674.65207957549,-23120.14350099941,14554.508578576082,False,False,False,True
geom_k090_r020,geometry,ellipsoid_cond1e6,40,0.0,-620317.3470573493,-488005.03618959256,132312.31086775672,False,True,False,True
geom_k090_r020,geometry,ellipsoid_cond1e6,40,0.1,-620317.4553029037,-488005.0553517428,132312.39995116089,False,True,False,True
geom_k090_r020,geometry,ellipsoid_cond1e6,40,0.2,-620317.0468367639,-488005.0126153204,132312.03422144346,False,True,False,True
geom_k090_r020,geometry,rastrigin,10,0.0,-6.481236128559136,9.417866296691614,15.89910242525075,False,False,False,True
geom_k090_r020,geometry,rastrigin,10,0.1,-3.3382561243420232,11.925380267151032,15.263636391493055,False,False,False,True
geom_k090_r020,geometry,rastrigin,10,0.2,-5.069016704637309,15.316998489410713,20.38601519404802,False,False,False,True
geom_k090_r020,geometry,rastrigin,20,0.0,-38.84128583220361,0.6582244572128957,39.499510289416506,False,False,False,True
geom_k090_r020,geometry,rastrigin,20,0.1,-35.1046767249787,4.5972471222791995,39.7019238472579,False,False,False,True
geom_k090_r020,geometry,rastrigin,20,0.2,-31.2629414450224,5.385314995651115,36.648256440673514,False,False,False,True
geom_k090_r020,geometry,rastrigin,40,0.0,-48.63559840001883,9.504361647362316,58.139960047381145,False,False,False,True
geom_k090_r020,geometry,rastrigin,40,0.1,-33.246049739603365,9.78345326996245,43.029503009565815,False,False,False,True
geom_k090_r020,geometry,rastrigin,40,0.2,-36.96853760624393,6.2270720503221355,43.19560965656606,False,False,False,True
geom_k090_r020,geometry,rosenbrock,10,0.0,2.1667428996053584,7.881850709206218,5.71510780960086,True,False,False,True
geom_k090_r020,geometry,rosenbrock,10,0.1,2.0156707156372624,7.091371620211165,5.075700904573902,True,False,False,True
geom_k090_r020,geometry,rosenbrock,10,0.2,1.9687512311536377,8.025485170932791,6.0567339397791535,True,False,False,True
geom_k090_r020,geometry,rosenbrock,20,0.0,28.988317206678627,128.54806022691687,99.55974302023824,True,False,False,True
geom_k090_r020,geometry,rosenbrock,20,0.1,27.940058249224585,119.5085168511367,91.56845860191211,True,False,False,True
geom_k090_r020,geometry,rosenbrock,20,0.2,28.174663946019255,121.97273966648112,93.79807572046187,True,False,False,True
geom_k090_r020,geometry,rosenbrock,40,0.0,-62.47905884580223,502.14925619599205,564.6283150417943,False,False,False,True
geom_k090_r020,geometry,rosenbrock,40,0.1,-67.62009211594906,528.2527939595204,595.8728860754695,False,False,False,True
geom_k090_r020,geometry,rosenbrock,40,0.2,-64.83059169289834,535.9444487594967,600.775040452395,False,False,False,True
geom_k090_r020,geometry,sphere,10,0.0,0.0182942847429511,0.075165764037279,0.0568714792943279,True,False,False,True
geom_k090_r020,geometry,sphere,10,0.1,0.0570608013696232,0.1775660064450427,0.1205052050754195,True,False,False,True
geom_k090_r020,geometry,sphere,10,0.2,0.0700481636406968,0.2009344561410677,0.1308862925003709,True,False,False,True
geom_k090_r020,geometry,sphere,20,0.0,0.2788117941284454,1.091487685967428,0.8126758918389827,True,False,False,True
geom_k090_r020,geometry,sphere,20,0.1,0.3169620104504939,1.1859540168246328,0.8689920063741389,True,False,False,True
geom_k090_r020,geometry,sphere,20,0.2,0.314051758734625,1.2556736187774549,0.9416218600428299,True,False,False,True
geom_k090_r020,geometry,sphere,40,0.0,1.1681417571731654,4.484782268071934,3.316640510898768,False,False,False,True
geom_k090_r020,geometry,sphere,40,0.1,1.1289715889764125,4.442941982512584,3.313970393536172,False,False,False,True
geom_k090_r020,geometry,sphere,40,0.2,1.0112006513862672,4.206320203504017,3.19511955211775,False,False,False,True
geom_k093_r005,geometry,ellipsoid_cond1e6,10,0.0,-183.1346473157025,-270.5985953302884,-87.4639480145859,False,False,True,False
geom_k093_r005,geometry,ellipsoid_cond1e6,10,0.1,-296.62265260187456,-270.6349229786036,25.98772962327098,False,False,False,True
geom_k093_r005,geometry,ellipsoid_cond1e6,10,0.2,-165.06003099436293,-282.37826732943654,-117.3182363350736,False,False,True,False
geom_k093_r005,geometry,ellipsoid_cond1e6,20,0.0,-37674.6447805527,-34461.195770661834,3213.4490098908645,False,False,False,True
geom_k093_r005,geometry,ellipsoid_cond1e6,20,0.1,-37674.74856099834,-34461.3056860348,3213.442874963541,False,False,False,True
geom_k093_r005,geometry,ellipsoid_cond1e6,20,0.2,-37674.65207957549,-34461.275715779986,3213.3763637955053,False,False,False,True
geom_k093_r005,geometry,ellipsoid_cond1e6,40,0.0,-620317.3470573493,-623116.489045829,-2799.141988479765,False,True,True,False
geom_k093_r005,geometry,ellipsoid_cond1e6,40,0.1,-620317.4553029037,-623116.5843970353,-2799.12909413164,False,True,True,False
geom_k093_r005,geometry,ellipsoid_cond1e6,40,0.2,-620317.0468367639,-623116.2948183543,-2799.2479815904517,False,True,True,False
geom_k093_r005,geometry,rastrigin,10,0.0,-6.481236128559136,-13.337009803068815,-6.855773674509679,False,False,True,False
geom_k093_r005,geometry,rastrigin,10,0.1,-3.3382561243420232,-7.711244514405662,-4.372988390063639,False,False,True,False
geom_k093_r005,geometry,rastrigin,10,0.2,-5.069016704637309,-9.426381830127816,-4.3573651254905075,False,False,True,False
geom_k093_r005,geometry,rastrigin,20,0.0,-38.84128583220361,-79.29179669410021,-40.4505108618966,False,False,True,False
geom_k093_r005,geometry,rastrigin,20,0.1,-35.1046767249787,-80.67027917905997,-45.56560245408127,False,False,True,False
geom_k093_r005,geometry,rastrigin,20,0.2,-31.2629414450224,-75.34507407321061,-44.08213262818821,False,False,True,False
geom_k093_r005,geometry,rastrigin,40,0.0,-48.63559840001883,-154.3514209252537,-105.71582252523487,False,False,True,False
geom_k093_r005,geometry,rastrigin,40,0.1,-33.246049739603365,-156.37034088462207,-123.1242911450187,False,False,True,False
geom_k093_r005,geometry,rastrigin,40,0.2,-36.96853760624393,-154.9852628193509,-118.01672521310698,False,False,True,False
geom_k093_r005,geometry,rosenbrock,10,0.0,2.1667428996053584,0.0842866860536499,-2.0824562135517084,True,False,True,False
geom_k093_r005,geometry,rosenbrock,10,0.1,2.0156707156372624,0.4984106835856217,-1.5172600320516407,True,False,True,False
geom_k093_r005,geometry,rosenbrock,10,0.2,1.9687512311536377,0.2259268869010187,-1.742824344252619,True,False,True,False
geom_k093_r005,geometry,rosenbrock,20,0.0,28.988317206678627,6.168663896396719,-22.819653310281907,True,False,True,False
geom_k093_r005,geometry,rosenbrock,20,0.1,27.940058249224585,4.842069219804683,-23.0979890294199,True,False,True,False
geom_k093_r005,geometry,rosenbrock,20,0.2,28.174663946019255,3.7452983731182847,-24.42936557290097,True,False,True,False
geom_k093_r005,geometry,rosenbrock,40,0.0,-62.47905884580223,-102.71162104022474,-40.23256219442251,False,False,True,False
geom_k093_r005,geometry,rosenbrock,40,0.1,-67.62009211594906,-103.49762574510626,-35.8775336291572,False,False,True,False
geom_k093_r005,geometry,rosenbrock,40,0.2,-64.83059169289834,-120.58995027523358,-55.75935858233524,False,False,True,False
geom_k093_r005,geometry,sphere,10,0.0,0.0182942847429511,0.004857850924362,-0.0134364338185891,True,False,True,False
geom_k093_r005,geometry,sphere,10,0.1,0.0570608013696232,0.0094766503053133,-0.0475841510643099,True,False,True,False
geom_k093_r005,geometry,sphere,10,0.2,0.0700481636406968,0.0070739287069264,-0.0629742349337704,True,False,True,False
geom_k093_r005,geometry,sphere,20,0.0,0.2788117941284454,0.0662713222073847,-0.21254047192106074,True,False,True,False
geom_k093_r005,geometry,sphere,20,0.1,0.3169620104504939,0.0623937910723519,-0.254568219378142,True,False,True,False
geom_k093_r005,geometry,sphere,20,0.2,0.314051758734625,0.027091055238211,-0.286960703496414,True,False,True,False
geom_k093_r005,geometry,sphere,40,0.0,1.1681417571731654,1.261760472299633,0.09361871512646758,False,False,False,True
geom_k093_r005,geometry,sphere,40,0.1,1.1289715889764125,1.3553527357695774,0.2263811467931649,False,False,False,True
geom_k093_r005,geometry,sphere,40,0.2,1.0112006513862672,1.264046632721696,0.2528459813354287,False,False,False,True
geom_k093_r010,geometry,ellipsoid_cond1e6,10,0.0,-183.1346473157025,-219.63372181119016,-36.49907449548766,False,False,True,False
geom_k093_r010,geometry,ellipsoid_cond1e6,10,0.1,-296.62265260187456,-239.08182830010415,57.540824301770414,False,False,False,True
geom_k093_r010,geometry,ellipsoid_cond1e6,10,0.2,-165.06003099436293,-217.08870584057013,-52.028674846207196,False,False,True,False
geom_k093_r010,geometry,ellipsoid_cond1e6,20,0.0,-37674.6447805527,-30809.323341501233,6865.321439051466,False,False,False,True
geom_k093_r010,geometry,ellipsoid_cond1e6,20,0.1,-37674.74856099834,-30809.301465371303,6865.447095627038,False,False,False,True
geom_k093_r010,geometry,ellipsoid_cond1e6,20,0.2,-37674.65207957549,-30809.273079093928,6865.379000481564,False,False,False,True
geom_k093_r010,geometry,ellipsoid_cond1e6,40,0.0,-620317.3470573493,-622778.3902891171,-2461.043231767835,False,True,True,False
geom_k093_r010,geometry,ellipsoid_cond1e6,40,0.1,-620317.4553029037,-622778.3356782948,-2460.880375391105,False,True,True,False
geom_k093_r010,geometry,ellipsoid_cond1e6,40,0.2,-620317.0468367639,-622778.1779374823,-2461.1311007183976,False,True,True,False
geom_k093_r010,geometry,rastrigin,10,0.0,-6.481236128559136,-7.951392780408817,-1.4701566518496811,False,False,True,False
geom_k093_r010,geometry,rastrigin,10,0.1,-3.3382561243420232,-3.2256251752902045,0.1126309490518187,False,False,False,True
geom_k093_r010,geometry,rastrigin,10,0.2,-5.069016704637309,-5.232534986626947,-0.1635182819896377,False,False,True,False
geom_k093_r010,geometry,rastrigin,20,0.0,-38.84128583220361,-41.024444793813785,-2.183158961610175,False,False,True,False
geom_k093_r010,geometry,rastrigin,20,0.1,-35.1046767249787,-40.98849415628672,-5.883817431308017,False,False,True,False
geom_k093_r010,geometry,rastrigin,20,0.2,-31.2629414450224,-38.08633463589918,-6.823393190876779,False,False,True,False
geom_k093_r010,geometry,rastrigin,40,0.0,-48.63559840001883,-47.83583756435843,0.7997608356604005,False,False,False,True
geom_k093_r010,geometry,rastrigin,40,0.1,-33.246049739603365,-46.228184905038034,-12.98213516543467,False,False,True,False
geom_k093_r010,geometry,rastrigin,40,0.2,-36.96853760624393,-47.77642650741555,-10.807888901171623,False,False,True,False
geom_k093_r010,geometry,rosenbrock,10,0.0,2.1667428996053584,2.3621329071841597,0.19539000757880132,True,False,False,True
geom_k093_r010,geometry,rosenbrock,10,0.1,2.0156707156372624,2.08664688378308,0.07097616814581764,True,False,False,True
geom_k093_r010,geometry,rosenbrock,10,0.2,1.9687512311536377,2.253230965713178,0.28447973455954045,True,False,False,True
geom_k093_r010,geometry,rosenbrock,20,0.0,28.988317206678627,28.837565408343792,-0.15075179833483432,True,False,True,False
geom_k093_r010,geometry,rosenbrock,20,0.1,27.940058249224585,26.320005935718477,-1.6200523135061076,True,False,True,False
geom_k093_r010,geometry,rosenbrock,20,0.2,28.174663946019255,26.081091059074716,-2.093572886944539,True,False,True,False
geom_k093_r010,geometry,rosenbrock,40,0.0,-62.47905884580223,-50.670736220750285,11.808322625051943,False,False,False,True
geom_k093_r010,geometry,rosenbrock,40,0.1,-67.62009211594906,-50.856733394055766,16.763358721893297,False,False,False,True
geom_k093_r010,geometry,rosenbrock,40,0.2,-64.83059169289834,-55.18335611150681,9.647235581391527,False,False,False,True
geom_k093_r010,geometry,sphere,10,0.0,0.0182942847429511,0.0191970272769199,0.0009027425339687978,True,False,False,True
geom_k093_r010,geometry,sphere,10,0.1,0.0570608013696232,0.0613231053735988,0.004262304003975599,True,False,False,True
geom_k093_r010,geometry,sphere,10,0.2,0.0700481636406968,0.06607681612765,-0.0039713475130467996,True,False,True,False
geom_k093_r010,geometry,sphere,20,0.0,0.2788117941284454,0.2756429121792111,-0.0031688819492343145,True,False,True,False
geom_k093_r010,geometry,sphere,20,0.1,0.3169620104504939,0.3121814485423618,-0.004780561908132086,True,False,True,False
geom_k093_r010,geometry,sphere,20,0.2,0.314051758734625,0.2890043253086709,-0.025047433425954113,True,False,True,False
geom_k093_r010,geometry,sphere,40,0.0,1.1681417571731654,1.2809037738382232,0.11276201666505781,False,False,False,True
geom_k093_r010,geometry,sphere,40,0.1,1.1289715889764125,1.4004222103794728,0.2714506214030603,False,False,False,True
geom_k093_r010,geometry,sphere,40,0.2,1.0112006513862672,1.2650130616499091,0.2538124102636419,False,False,False,True
geom_k093_r020,geometry,ellipsoid_cond1e6,10,0.0,-183.1346473157025,285.8222857187259,468.9569330344284,False,False,False,True
geom_k093_r020,geometry,ellipsoid_cond1e6,10,0.1,-296.62265260187456,285.83265311854205,582.4553057204166,False,False,False,True
geom_k093_r020,geometry,ellipsoid_cond1e6,10,0.2,-165.06003099436293,268.6225011372998,433.68253213166275,False,False,False,True
geom_k093_r020,geometry,ellipsoid_cond1e6,20,0.0,-37674.6447805527,-19265.034722386463,18409.610058166236,False,False,False,True
geom_k093_r020,geometry,ellipsoid_cond1e6,20,0.1,-37674.74856099834,-19265.056202369185,18409.692358629156,False,False,False,True
geom_k093_r020,geometry,ellipsoid_cond1e6,20,0.2,-37674.65207957549,-19264.863504747584,18409.788574827908,False,False,False,True
geom_k093_r020,geometry,ellipsoid_cond1e6,40,0.0,-620317.3470573493,-487406.1968369023,132911.150220447,False,True,False,True
geom_k093_r020,geometry,ellipsoid_cond1e6,40,0.1,-620317.4553029037,-487406.2100443245,132911.24525857915,False,True,False,True
geom_k093_r020,geometry,ellipsoid_cond1e6,40,0.2,-620317.0468367639,-487406.2176774763,132910.82915928756,False,True,False,True
geom_k093_r020,geometry,rastrigin,10,0.0,-6.481236128559136,9.381846429172905,15.86308255773204,False,False,False,True
geom_k093_r020,geometry,rastrigin,10,0.1,-3.3382561243420232,13.753975531914906,17.092231656256928,False,False,False,True
geom_k093_r020,geometry,rastrigin,10,0.2,-5.069016704637309,11.718810709969173,16.787827414606483,False,False,False,True
geom_k093_r020,geometry,rastrigin,20,0.0,-38.84128583220361,0.3520936366909097,39.19337946889452,False,False,False,True
geom_k093_r020,geometry,rastrigin,20,0.1,-35.1046767249787,3.70370717367355,38.80838389865225,False,False,False,True
geom_k093_r020,geometry,rastrigin,20,0.2,-31.2629414450224,3.617576372463603,34.880517817486,False,False,False,True
geom_k093_r020,geometry,rastrigin,40,0.0,-48.63559840001883,6.387508515200864,55.02310691521969,False,False,False,True
geom_k093_r020,geometry,rastrigin,40,0.1,-33.246049739603365,1.956131862965151,35.202181602568515,False,False,False,True
geom_k093_r020,geometry,rastrigin,40,0.2,-36.96853760624393,2.374856907817332,39.34339451406126,False,False,False,True
geom_k093_r020,geometry,rosenbrock,10,0.0,2.1667428996053584,7.330337881375994,5.163594981770635,True,False,False,True
geom_k093_r020,geometry,rosenbrock,10,0.1,2.0156707156372624,7.420863121897213,5.405192406259951,True,False,False,True
geom_k093_r020,geometry,rosenbrock,10,0.2,1.9687512311536377,7.315515238573321,5.346764007419683,True,False,False,True
geom_k093_r020,geometry,rosenbrock,20,0.0,28.988317206678627,126.43694648048957,97.44862927381094,True,False,False,True
geom_k093_r020,geometry,rosenbrock,20,0.1,27.940058249224585,126.82065406900443,98.88059581977984,True,False,False,True
geom_k093_r020,geometry,rosenbrock,20,0.2,28.174663946019255,129.7869000846569,101.61223613863766,True,False,False,True
geom_k093_r020,geometry,rosenbrock,40,0.0,-62.47905884580223,461.0454867112109,523.5245455570132,False,False,False,True
geom_k093_r020,geometry,rosenbrock,40,0.1,-67.62009211594906,456.2442327485698,523.8643248645188,False,False,False,True
geom_k093_r020,geometry,rosenbrock,40,0.2,-64.83059169289834,472.2144581757784,537.0450498686768,False,False,False,True
geom_k093_r020,geometry,sphere,10,0.0,0.0182942847429511,0.0750015017276356,0.056707216984684505,True,False,False,True
geom_k093_r020,geometry,sphere,10,0.1,0.0570608013696232,0.1825280443030647,0.12546724293344153,True,False,False,True
geom_k093_r020,geometry,sphere,10,0.2,0.0700481636406968,0.2128326363447334,0.1427844727040366,True,False,False,True
geom_k093_r020,geometry,sphere,20,0.0,0.2788117941284454,1.102186825049294,0.8233750309208487,True,False,False,True
geom_k093_r020,geometry,sphere,20,0.1,0.3169620104504939,1.226483733993165,0.909521723542671,True,False,False,True
geom_k093_r020,geometry,sphere,20,0.2,0.314051758734625,1.311804301285804,0.9977525425511791,True,False,False,True
geom_k093_r020,geometry,sphere,40,0.0,1.1681417571731654,4.457617679874716,3.28947592270155,False,False,False,True
geom_k093_r020,geometry,sphere,40,0.1,1.1289715889764125,4.5422996375170905,3.413328048540678,False,False,False,True
geom_k093_r020,geometry,sphere,40,0.2,1.0112006513862672,4.246586973770455,3.235386322384188,False,False,False,True
geom_k095_r005,geometry,ellipsoid_cond1e6,10,0.0,-183.1346473157025,-86.24320830138683,96.89143901431567,False,False,False,True
geom_k095_r005,geometry,ellipsoid_cond1e6,10,0.1,-296.62265260187456,-70.39398136520953,226.22867123666504,False,False,False,True
geom_k095_r005,geometry,ellipsoid_cond1e6,10,0.2,-165.06003099436293,-91.25336923053749,73.80666176382545,False,False,False,True
geom_k095_r005,geometry,ellipsoid_cond1e6,20,0.0,-37674.6447805527,-32635.930282333386,5038.714498219313,False,False,False,True
geom_k095_r005,geometry,ellipsoid_cond1e6,20,0.1,-37674.74856099834,-32636.070775847165,5038.677785151176,False,False,False,True
geom_k095_r005,geometry,ellipsoid_cond1e6,20,0.2,-37674.65207957549,-32636.22252450257,5038.429555072922,False,False,False,True
geom_k095_r005,geometry,ellipsoid_cond1e6,40,0.0,-620317.3470573493,-601254.5935904951,19062.75346685422,False,True,False,True
geom_k095_r005,geometry,ellipsoid_cond1e6,40,0.1,-620317.4553029037,-601254.6754372928,19062.77986561088,False,True,False,True
geom_k095_r005,geometry,ellipsoid_cond1e6,40,0.2,-620317.0468367639,-601254.5256563474,19062.521180416457,False,True,False,True
geom_k095_r005,geometry,rastrigin,10,0.0,-6.481236128559136,-14.077773659690756,-7.59653753113162,False,False,True,False
geom_k095_r005,geometry,rastrigin,10,0.1,-3.3382561243420232,-10.796232961390697,-7.457976837048673,False,False,True,False
geom_k095_r005,geometry,rastrigin,10,0.2,-5.069016704637309,-10.277651417615926,-5.2086347129786175,False,False,True,False
geom_k095_r005,geometry,rastrigin,20,0.0,-38.84128583220361,-82.6284619920144,-43.787176159810784,False,False,True,False
geom_k095_r005,geometry,rastrigin,20,0.1,-35.1046767249787,-83.74330352545647,-48.638626800477766,False,False,True,False
geom_k095_r005,geometry,rastrigin,20,0.2,-31.2629414450224,-76.96591048159576,-45.70296903657336,False,False,True,False
geom_k095_r005,geometry,rastrigin,40,0.0,-48.63559840001883,-152.3373913341398,-103.70179293412096,False,False,True,False
geom_k095_r005,geometry,rastrigin,40,0.1,-33.246049739603365,-143.6825494183561,-110.43649967875274,False,False,True,False
geom_k095_r005,geometry,rastrigin,40,0.2,-36.96853760624393,-137.81185227336172,-100.8433146671178,False,False,True,False
geom_k095_r005,geometry,rosenbrock,10,0.0,2.1667428996053584,0.5274486985870519,-1.6392942010183065,True,False,True,False
geom_k095_r005,geometry,rosenbrock,10,0.1,2.0156707156372624,0.4836689625220791,-1.5320017531151833,True,False,True,False
geom_k095_r005,geometry,rosenbrock,10,0.2,1.9687512311536377,0.6157764976841413,-1.3529747334694964,True,False,True,False
geom_k095_r005,geometry,rosenbrock,20,0.0,28.988317206678627,6.229051906453019,-22.759265300225607,True,False,True,False
geom_k095_r005,geometry,rosenbrock,20,0.1,27.940058249224585,5.338782018257442,-22.601276230967144,True,False,True,False
geom_k095_r005,geometry,rosenbrock,20,0.2,28.174663946019255,6.743877853975279,-21.430786092043974,True,False,True,False
geom_k095_r005,geometry,rosenbrock,40,0.0,-62.47905884580223,-84.65229229962395,-22.173233453821723,False,False,True,False
geom_k095_r005,geometry,rosenbrock,40,0.1,-67.62009211594906,-86.23484247952398,-18.614750363574913,False,False,True,False
geom_k095_r005,geometry,rosenbrock,40,0.2,-64.83059169289834,-87.49474601861641,-22.664154325718073,False,False,True,False
geom_k095_r005,geometry,sphere,10,0.0,0.0182942847429511,0.005060993520993,-0.0132332912219581,True,False,True,False
geom_k095_r005,geometry,sphere,10,0.1,0.0570608013696232,0.0083710724828609,-0.048689728886762304,True,False,True,False
geom_k095_r005,geometry,sphere,10,0.2,0.0700481636406968,0.004070764619149,-0.0659773990215478,True,False,True,False
geom_k095_r005,geometry,sphere,20,0.0,0.2788117941284454,0.0709110657636303,-0.20790072836481513,True,False,True,False
geom_k095_r005,geometry,sphere,20,0.1,0.3169620104504939,0.0546960510676801,-0.2622659593828138,True,False,True,False
geom_k095_r005,geometry,sphere,20,0.2,0.314051758734625,0.0551276684553994,-0.2589240902792256,True,False,True,False
geom_k095_r005,geometry,sphere,40,0.0,1.1681417571731654,1.425414148495035,0.2572723913218695,False,False,False,True
geom_k095_r005,geometry,sphere,40,0.1,1.1289715889764125,1.3756195500082098,0.2466479610317973,False,False,False,True
geom_k095_r005,geometry,sphere,40,0.2,1.0112006513862672,1.5554800560400373,0.54427940465377,False,False,False,True
geom_k095_r010,geometry,ellipsoid_cond1e6,10,0.0,-183.1346473157025,145.19813669182605,328.3327840075285,False,False,False,True
geom_k095_r010,geometry,ellipsoid_cond1e6,10,0.1,-296.62265260187456,145.12727410744384,441.7499267093184,False,False,False,True
geom_k095_r010,geometry,ellipsoid_cond1e6,10,0.2,-165.06003099436293,136.77824229705368,301.8382732914166,False,False,False,True
geom_k095_r010,geometry,ellipsoid_cond1e6,20,0.0,-37674.6447805527,-29617.0033867006,8057.6413938521,False,False,False,True
geom_k095_r010,geometry,ellipsoid_cond1e6,20,0.1,-37674.74856099834,-29616.97232837248,8057.77623262586,False,False,False,True
geom_k095_r010,geometry,ellipsoid_cond1e6,20,0.2,-37674.65207957549,-29616.978896679197,8057.673182896295,False,False,False,True
geom_k095_r010,geometry,ellipsoid_cond1e6,40,0.0,-620317.3470573493,-578609.097018816,41708.25003853324,False,True,False,True
geom_k095_r010,geometry,ellipsoid_cond1e6,40,0.1,-620317.4553029037,-578609.1985623038,41708.25674059987,False,True,False,True
geom_k095_r010,geometry,ellipsoid_cond1e6,40,0.2,-620317.0468367639,-578608.6509010394,41708.39593572449,False,True,False,True
geom_k095_r010,geometry,rastrigin,10,0.0,-6.481236128559136,-9.514056263480136,-3.0328201349209998,False,False,True,False
geom_k095_r010,geometry,rastrigin,10,0.1,-3.3382561243420232,-6.934715088836319,-3.596458964494296,False,False,True,False
geom_k095_r010,geometry,rastrigin,10,0.2,-5.069016704637309,-6.879252287501769,-1.8102355828644603,False,False,True,False
geom_k095_r010,geometry,rastrigin,20,0.0,-38.84128583220361,-42.23459028614014,-3.39330445393653,False,False,True,False
geom_k095_r010,geometry,rastrigin,20,0.1,-35.1046767249787,-43.838436818380046,-8.733760093401344,False,False,True,False
geom_k095_r010,geometry,rastrigin,20,0.2,-31.2629414450224,-37.91242135086222,-6.649479905839819,False,False,True,False
geom_k095_r010,geometry,rastrigin,40,0.0,-48.63559840001883,-56.63592830079352,-8.000329900774695,False,False,True,False
geom_k095_r010,geometry,rastrigin,40,0.1,-33.246049739603365,-44.854124622722935,-11.60807488311957,False,False,True,False
geom_k095_r010,geometry,rastrigin,40,0.2,-36.96853760624393,-48.68971800853305,-11.721180402289122,False,False,True,False
geom_k095_r010,geometry,rosenbrock,10,0.0,2.1667428996053584,2.3143753349846055,0.14763243537924708,True,False,False,True
geom_k095_r010,geometry,rosenbrock,10,0.1,2.0156707156372624,2.017095979843111,0.001425264205848542,True,False,False,True
geom_k095_r010,geometry,rosenbrock,10,0.2,1.9687512311536377,2.386014455411044,0.41726322425740614,True,False,False,True
geom_k095_r010,geometry,rosenbrock,20,0.0,28.988317206678627,29.60700889992506,0.6186916932464328,True,False,False,True
geom_k095_r010,geometry,rosenbrock,20,0.1,27.940058249224585,27.932941508620857,-0.007116740603727578,True,False,True,False
geom_k095_r010,geometry,rosenbrock,20,0.2,28.174663946019255,28.52277683947642,0.34811289345716645,True,False,False,True
geom_k095_r010,geometry,rosenbrock,40,0.0,-62.47905884580223,-23.86136670223459,38.61769214356764,False,False,False,True
geom_k095_r010,geometry,rosenbrock,40,0.1,-67.62009211594906,-52.739338788405405,14.880753327543658,False,False,False,True
geom_k095_r010,geometry,rosenbrock,40,0.2,-64.83059169289834,-50.54018299347408,14.290408699424255,False,False,False,True
geom_k095_r010,geometry,sphere,10,0.0,0.0182942847429511,0.0185826877596409,0.0002884030166897984,True,False,False,True
geom_k095_r010,geometry,sphere,10,0.1,0.0570608013696232,0.060715016094488,0.003654214724864796,True,False,False,True
geom_k095_r010,geometry,sphere,10,0.2,0.0700481636406968,0.0657253194049277,-0.004322844235769091,True,False,True,False
geom_k095_r010,geometry,sphere,20,0.0,0.2788117941284454,0.2768196132174116,-0.001992180911033814,True,False,True,False
geom_k095_r010,geometry,sphere,20,0.1,0.3169620104504939,0.3159711011140543,-0.0009909093364395827,True,False,True,False
geom_k095_r010,geometry,sphere,20,0.2,0.314051758734625,0.2899809888604865,-0.024070769874138476,True,False,True,False
geom_k095_r010,geometry,sphere,40,0.0,1.1681417571731654,1.435062182675467,0.26692042550230166,False,False,False,True
geom_k095_r010,geometry,sphere,40,0.1,1.1289715889764125,1.392185751370023,0.2632141623936106,False,False,False,True
geom_k095_r010,geometry,sphere,40,0.2,1.0112006513862672,1.5563380357549124,0.5451373843686451,False,False,False,True
geom_k095_r020,geometry,ellipsoid_cond1e6,10,0.0,-183.1346473157025,315.9761428855641,499.1107902012666,False,False,False,True
geom_k095_r020,geometry,ellipsoid_cond1e6,10,0.1,-296.62265260187456,313.71351800946655,610.3361706113411,False,False,False,True
geom_k095_r020,geometry,ellipsoid_cond1e6,10,0.2,-165.06003099436293,316.20858020557625,481.2686111999392,False,False,False,True
geom_k095_r020,geometry,ellipsoid_cond1e6,20,0.0,-37674.6447805527,-10511.06319105022,27163.58158950248,False,False,False,True
geom_k095_r020,geometry,ellipsoid_cond1e6,20,0.1,-37674.74856099834,-10511.095364121871,27163.65319687647,False,False,False,True
geom_k095_r020,geometry,ellipsoid_cond1e6,20,0.2,-37674.65207957549,-10510.85472709905,27163.797352476442,False,False,False,True
geom_k095_r020,geometry,ellipsoid_cond1e6,40,0.0,-620317.3470573493,-509192.7485552913,111124.59850205795,False,True,False,True
geom_k095_r020,geometry,ellipsoid_cond1e6,40,0.1,-620317.4553029037,-509192.73833066697,111124.7169722367,False,True,False,True
geom_k095_r020,geometry,ellipsoid_cond1e6,40,0.2,-620317.0468367639,-509192.841124606,111124.20571215783,False,True,False,True
geom_k095_r020,geometry,rastrigin,10,0.0,-6.481236128559136,11.343867087531866,17.825103216091,False,False,False,True
geom_k095_r020,geometry,rastrigin,10,0.1,-3.3382561243420232,12.554409526804587,15.892665651146611,False,False,False,True
geom_k095_r020,geometry,rastrigin,10,0.2,-5.069016704637309,9.936378272236317,15.005394976873625,False,False,False,True
geom_k095_r020,geometry,rastrigin,20,0.0,-38.84128583220361,1.6893734344488678,40.53065926665248,False,False,False,True
geom_k095_r020,geometry,rastrigin,20,0.1,-35.1046767249787,3.324392787811462,38.429069512790164,False,False,False,True
geom_k095_r020,geometry,rastrigin,20,0.2,-31.2629414450224,2.3794829606813295,33.64242440570373,False,False,False,True
geom_k095_r020,geometry,rastrigin,40,0.0,-48.63559840001883,-1.8953419847623536,46.740256415256475,False,False,False,True
geom_k095_r020,geometry,rastrigin,40,0.1,-33.246049739603365,9.606976748437546,42.85302648804091,False,False,False,True
geom_k095_r020,geometry,rastrigin,40,0.2,-36.96853760624393,-0.2965204614358185,36.67201714480811,False,False,False,True
geom_k095_r020,geometry,rosenbrock,10,0.0,2.1667428996053584,7.984014308872502,5.817271409267144,True,False,False,True
geom_k095_r020,geometry,rosenbrock,10,0.1,2.0156707156372624,7.503586093275692,5.48791537763843,True,False,False,True
geom_k095_r020,geometry,rosenbrock,10,0.2,1.9687512311536377,7.52933995953911,5.560588728385472,True,False,False,True
geom_k095_r020,geometry,rosenbrock,20,0.0,28.988317206678627,129.17727898819686,100.18896178151823,True,False,False,True
geom_k095_r020,geometry,rosenbrock,20,0.1,27.940058249224585,126.8662654131192,98.92620716389462,True,False,False,True
geom_k095_r020,geometry,rosenbrock,20,0.2,28.174663946019255,127.77360941667104,99.59894547065178,True,False,False,True
geom_k095_r020,geometry,rosenbrock,40,0.0,-62.47905884580223,495.41712654479306,557.8961853905953,False,False,False,True
geom_k095_r020,geometry,rosenbrock,40,0.1,-67.62009211594906,508.83202410671834,576.4521162226674,False,False,False,True
geom_k095_r020,geometry,rosenbrock,40,0.2,-64.83059169289834,512.8175021443442,577.6480938372425,False,False,False,True
geom_k095_r020,geometry,sphere,10,0.0,0.0182942847429511,0.0767508230408535,0.0584565382979024,True,False,False,True
geom_k095_r020,geometry,sphere,10,0.1,0.0570608013696232,0.1783499421488733,0.12128914077925011,True,False,False,True
geom_k095_r020,geometry,sphere,10,0.2,0.0700481636406968,0.233972838837118,0.1639246751964212,True,False,False,True
geom_k095_r020,geometry,sphere,20,0.0,0.2788117941284454,1.1160654348659151,0.8372536407374698,True,False,False,True
geom_k095_r020,geometry,sphere,20,0.1,0.3169620104504939,1.1488001511185364,0.8318381406680425,True,False,False,True
geom_k095_r020,geometry,sphere,20,0.2,0.314051758734625,1.2540023516020562,0.9399505928674312,True,False,False,True
geom_k095_r020,geometry,sphere,40,0.0,1.1681417571731654,4.386964244433273,3.2188224872601072,False,False,False,True
geom_k095_r020,geometry,sphere,40,0.1,1.1289715889764125,4.477591632457184,3.3486200434807714,False,False,False,True
geom_k095_r020,geometry,sphere,40,0.2,1.0112006513862672,4.323025333670499,3.3118246822842314,False,False,False,True
geom_k097_r005,geometry,ellipsoid_cond1e6,10,0.0,-183.1346473157025,-216.34467480164653,-33.21002748594404,False,False,True,False
geom_k097_r005,geometry,ellipsoid_cond1e6,10,0.1,-296.62265260187456,-216.2171620381729,80.40549056370168,False,False,False,True
geom_k097_r005,geometry,ellipsoid_cond1e6,10,0.2,-165.06003099436293,-216.58425322818556,-51.52422223382263,False,False,True,False
geom_k097_r005,geometry,ellipsoid_cond1e6,20,0.0,-37674.6447805527,-37561.66214431291,112.9826362397871,False,False,False,True
geom_k097_r005,geometry,ellipsoid_cond1e6,20,0.1,-37674.74856099834,-37561.69378483696,113.05477616137796,False,False,False,True
geom_k097_r005,geometry,ellipsoid_cond1e6,20,0.2,-37674.65207957549,-37561.60040446695,113.05167510853789,False,False,False,True
geom_k097_r005,geometry,ellipsoid_cond1e6,40,0.0,-620317.3470573493,-565984.391728386,54332.95532896323,False,True,False,True
geom_k097_r005,geometry,ellipsoid_cond1e6,40,0.1,-620317.4553029037,-565984.2840837893,54333.17121911433,False,True,False,True
geom_k097_r005,geometry,ellipsoid_cond1e6,40,0.2,-620317.0468367639,-565984.0374178926,54333.009418871254,False,True,False,True
geom_k097_r005,geometry,rastrigin,10,0.0,-6.481236128559136,-13.15262884913156,-6.671392720572424,False,False,True,False
geom_k097_r005,geometry,rastrigin,10,0.1,-3.3382561243420232,-7.789909209335716,-4.451653084993692,False,False,True,False
geom_k097_r005,geometry,rastrigin,10,0.2,-5.069016704637309,-8.435855549712926,-3.366838845075617,False,False,True,False
geom_k097_r005,geometry,rastrigin,20,0.0,-38.84128583220361,-82.06785627448019,-43.22657044227658,False,False,True,False
geom_k097_r005,geometry,rastrigin,20,0.1,-35.1046767249787,-79.2652565214996,-44.16057979652089,False,False,True,False
geom_k097_r005,geometry,rastrigin,20,0.2,-31.2629414450224,-80.14917116218966,-48.88622971716726,False,False,True,False
geom_k097_r005,geometry,rastrigin,40,0.0,-48.63559840001883,-100.44585639521688,-51.81025799519805,False,False,True,False
geom_k097_r005,geometry,rastrigin,40,0.1,-33.246049739603365,-95.29952845322104,-62.05347871361768,False,False,True,False
geom_k097_r005,geometry,rastrigin,40,0.2,-36.96853760624393,-98.71206757348024,-61.74352996723631,False,False,True,False
geom_k097_r005,geometry,rosenbrock,10,0.0,2.1667428996053584,-0.0687737398572547,-2.235516639462613,True,False,True,False
geom_k097_r005,geometry,rosenbrock,10,0.1,2.0156707156372624,0.0290471456174916,-1.9866235700197707,True,False,True,False
geom_k097_r005,geometry,rosenbrock,10,0.2,1.9687512311536377,0.6877797553994731,-1.2809714757541646,True,False,True,False
geom_k097_r005,geometry,rosenbrock,20,0.0,28.988317206678627,4.646191438392865,-24.34212576828576,True,False,True,False
geom_k097_r005,geometry,rosenbrock,20,0.1,27.940058249224585,6.276640176117427,-21.66341807310716,True,False,True,False
geom_k097_r005,geometry,rosenbrock,20,0.2,28.174663946019255,6.151457061928621,-22.023206884090634,True,False,True,False
geom_k097_r005,geometry,rosenbrock,40,0.0,-62.47905884580223,27.098309724684043,89.57736857048627,False,False,False,True
geom_k097_r005,geometry,rosenbrock,40,0.1,-67.62009211594906,16.295649487811318,83.91574160376038,False,False,False,True
geom_k097_r005,geometry,rosenbrock,40,0.2,-64.83059169289834,11.858463525266188,76.68905521816453,False,False,False,True
geom_k097_r005,geometry,sphere,10,0.0,0.0182942847429511,0.0048419878846154,-0.0134522968583357,True,False,True,False
geom_k097_r005,geometry,sphere,10,0.1,0.0570608013696232,0.0163963860554861,-0.0406644153141371,True,False,True,False
geom_k097_r005,geometry,sphere,10,0.2,0.0700481636406968,0.023357006400528,-0.0466911572401688,True,False,True,False
geom_k097_r005,geometry,sphere,20,0.0,0.2788117941284454,0.0677924586709353,-0.21101933545751012,True,False,True,False
geom_k097_r005,geometry,sphere,20,0.1,0.3169620104504939,0.0622650690058536,-0.2546969414446403,True,False,True,False
geom_k097_r005,geometry,sphere,20,0.2,0.314051758734625,0.0457681748493469,-0.26828358388527807,True,False,True,False
geom_k097_r005,geometry,sphere,40,0.0,1.1681417571731654,1.5374924304565272,0.3693506732833618,False,False,False,True
geom_k097_r005,geometry,sphere,40,0.1,1.1289715889764125,1.910044142691136,0.7810725537147236,False,False,False,True
geom_k097_r005,geometry,sphere,40,0.2,1.0112006513862672,1.60165134899046,0.5904506976041928,False,False,False,True
geom_k097_r010,geometry,ellipsoid_cond1e6,10,0.0,-183.1346473157025,-145.192095652487,37.94255166321548,False,False,False,True
geom_k097_r010,geometry,ellipsoid_cond1e6,10,0.1,-296.62265260187456,-145.1690215562973,151.45363104557725,False,False,False,True
geom_k097_r010,geometry,ellipsoid_cond1e6,10,0.2,-165.06003099436293,-101.4414674227226,63.61856357164034,False,False,False,True
geom_k097_r010,geometry,ellipsoid_cond1e6,20,0.0,-37674.6447805527,-35899.86894015719,1774.7758403955086,False,False,False,True
geom_k097_r010,geometry,ellipsoid_cond1e6,20,0.1,-37674.74856099834,-35899.80477998979,1774.943781008551,False,False,False,True
geom_k097_r010,geometry,ellipsoid_cond1e6,20,0.2,-37674.65207957549,-35899.80270340375,1774.84937617174,False,False,False,True
geom_k097_r010,geometry,ellipsoid_cond1e6,40,0.0,-620317.3470573493,-564464.6450557744,55852.702001574915,False,True,False,True
geom_k097_r010,geometry,ellipsoid_cond1e6,40,0.1,-620317.4553029037,-564464.5518764241,55852.90342647955,False,True,False,True
geom_k097_r010,geometry,ellipsoid_cond1e6,40,0.2,-620317.0468367639,-564464.26335967,55852.78347709391,False,True,False,True
geom_k097_r010,geometry,rastrigin,10,0.0,-6.481236128559136,-7.969846979315921,-1.4886108507567855,False,False,True,False
geom_k097_r010,geometry,rastrigin,10,0.1,-3.3382561243420232,-4.1692535849898515,-0.8309974606478283,False,False,True,False
geom_k097_r010,geometry,rastrigin,10,0.2,-5.069016704637309,-4.606849360948758,0.4621673436885505,False,False,False,True
geom_k097_r010,geometry,rastrigin,20,0.0,-38.84128583220361,-40.99254547359733,-2.1512596413937217,False,False,True,False
geom_k097_r010,geometry,rastrigin,20,0.1,-35.1046767249787,-41.104236139225655,-5.999559414246953,False,False,True,False
geom_k097_r010,geometry,rastrigin,20,0.2,-31.2629414450224,-39.41101916907224,-8.148077724049841,False,False,True,False
geom_k097_r010,geometry,rastrigin,40,0.0,-48.63559840001883,-57.768406605740154,-9.132808205721325,False,False,True,False
geom_k097_r010,geometry,rastrigin,40,0.1,-33.246049739603365,-46.90541007759043,-13.659360337987067,False,False,True,False
geom_k097_r010,geometry,rastrigin,40,0.2,-36.96853760624393,-58.61462181354034,-21.64608420729641,False,False,True,False
geom_k097_r010,geometry,rosenbrock,10,0.0,2.1667428996053584,1.926561607343353,-0.24018129226200546,True,False,True,False
geom_k097_r010,geometry,rosenbrock,10,0.1,2.0156707156372624,1.928104228245259,-0.08756648739200346,True,False,True,False
geom_k097_r010,geometry,rosenbrock,10,0.2,1.9687512311536377,2.34871706601607,0.3799658348624324,True,False,False,True
geom_k097_r010,geometry,rosenbrock,20,0.0,28.988317206678627,28.41508720874432,-0.5732299979343054,True,False,True,False
geom_k097_r010,geometry,rosenbrock,20,0.1,27.940058249224585,28.38936407450801,0.44930582528342455,True,False,False,True
geom_k097_r010,geometry,rosenbrock,20,0.2,28.174663946019255,26.471611501013356,-1.7030524450058984,True,False,True,False
geom_k097_r010,geometry,rosenbrock,40,0.0,-62.47905884580223,27.102071928739463,89.58113077454169,False,False,False,True
geom_k097_r010,geometry,rosenbrock,40,0.1,-67.62009211594906,16.295649487811318,83.91574160376038,False,False,False,True
geom_k097_r010,geometry,rosenbrock,40,0.2,-64.83059169289834,16.235316763887397,81.06590845678573,False,False,False,True
geom_k097_r010,geometry,sphere,10,0.0,0.0182942847429511,0.0188038356490612,0.0005095509061100977,True,False,False,True
geom_k097_r010,geometry,sphere,10,0.1,0.0570608013696232,0.0567837987625996,-0.0002770026070236034,True,False,True,False
geom_k097_r010,geometry,sphere,10,0.2,0.0700481636406968,0.0545706395579072,-0.015477524082789601,True,False,True,False
geom_k097_r010,geometry,sphere,20,0.0,0.2788117941284454,0.2866619293297764,0.007850135201330988,True,False,False,True
geom_k097_r010,geometry,sphere,20,0.1,0.3169620104504939,0.3023909991689164,-0.014571011281577506,True,False,True,False
geom_k097_r010,geometry,sphere,20,0.2,0.314051758734625,0.3268110230000827,0.012759264265457704,True,False,False,True
geom_k097_r010,geometry,sphere,40,0.0,1.1681417571731654,1.5374924304565272,0.3693506732833618,False,False,False,True
geom_k097_r010,geometry,sphere,40,0.1,1.1289715889764125,1.910044142691136,0.7810725537147236,False,False,False,True
geom_k097_r010,geometry,sphere,40,0.2,1.0112006513862672,1.61267148519079,0.6014708338045227,False,False,False,True
geom_k097_r020,geometry,ellipsoid_cond1e6,10,0.0,-183.1346473157025,145.2730832977192,328.4077306134217,False,False,False,True
geom_k097_r020,geometry,ellipsoid_cond1e6,10,0.1,-296.62265260187456,84.02772947655865,380.6503820784332,False,False,False,True
geom_k097_r020,geometry,ellipsoid_cond1e6,10,0.2,-165.06003099436293,145.32360291317502,310.38363390753796,False,False,False,True
geom_k097_r020,geometry,ellipsoid_cond1e6,20,0.0,-37674.6447805527,-15694.535136603114,21980.109643949585,False,False,False,True
geom_k097_r020,geometry,ellipsoid_cond1e6,20,0.1,-37674.74856099834,-15694.550749410571,21980.197811587772,False,False,False,True
geom_k097_r020,geometry,ellipsoid_cond1e6,20,0.2,-37674.65207957549,-15694.459499602215,21980.192579973278,False,False,False,True
geom_k097_r020,geometry,ellipsoid_cond1e6,40,0.0,-620317.3470573493,-462488.9974902941,157828.34956705518,False,True,False,True
geom_k097_r020,geometry,ellipsoid_cond1e6,40,0.1,-620317.4553029037,-462488.92195938854,157828.53334351513,False,True,False,True
geom_k097_r020,geometry,ellipsoid_cond1e6,40,0.2,-620317.0468367639,-462488.66741429217,157828.37942247168,False,True,False,True
geom_k097_r020,geometry,rastrigin,10,0.0,-6.481236128559136,10.8325245645131,17.313760693072236,False,False,False,True
geom_k097_r020,geometry,rastrigin,10,0.1,-3.3382561243420232,16.260673363466346,19.59892948780837,False,False,False,True
geom_k097_r020,geometry,rastrigin,10,0.2,-5.069016704637309,12.753530332645177,17.822547037282487,False,False,False,True
geom_k097_r020,geometry,rastrigin,20,0.0,-38.84128583220361,-3.699647460988984,35.141638371214626,False,False,False,True
geom_k097_r020,geometry,rastrigin,20,0.1,-35.1046767249787,1.6671359162471333,36.771812641225836,False,False,False,True
geom_k097_r020,geometry,rastrigin,20,0.2,-31.2629414450224,0.3965734523749091,31.659514897397308,False,False,False,True
geom_k097_r020,geometry,rastrigin,40,0.0,-48.63559840001883,-5.505572362682102,43.13002603733673,False,False,False,True
geom_k097_r020,geometry,rastrigin,40,0.1,-33.246049739603365,-5.510806295701656,27.73524344390171,False,False,False,True
geom_k097_r020,geometry,rastrigin,40,0.2,-36.96853760624393,-7.392387213296701,29.576150392947227,False,False,False,True
geom_k097_r020,geometry,rosenbrock,10,0.0,2.1667428996053584,7.881058147356123,5.714315247750765,True,False,False,True
geom_k097_r020,geometry,rosenbrock,10,0.1,2.0156707156372624,7.181727029460477,5.166056313823215,True,False,False,True
geom_k097_r020,geometry,rosenbrock,10,0.2,1.9687512311536377,7.735740908696708,5.76698967754307,True,False,False,True
geom_k097_r020,geometry,rosenbrock,20,0.0,28.988317206678627,124.7436013618276,95.75528415514897,True,False,False,True
geom_k097_r020,geometry,rosenbrock,20,0.1,27.940058249224585,125.1624301315343,97.22237188230972,True,False,False,True
geom_k097_r020,geometry,rosenbrock,20,0.2,28.174663946019255,126.01367746508522,97.83901351906597,True,False,False,True
geom_k097_r020,geometry,rosenbrock,40,0.0,-62.47905884580223,498.8643788866695,561.3434377324718,False,False,False,True
geom_k097_r020,geometry,rosenbrock,40,0.1,-67.62009211594906,515.2506061530537,582.8706982690028,False,False,False,True
geom_k097_r020,geometry,rosenbrock,40,0.2,-64.83059169289834,498.8301302598213,563.6607219527197,False,False,False,True
geom_k097_r020,geometry,sphere,10,0.0,0.0182942847429511,0.0770120400540621,0.05871775531111101,True,False,False,True
geom_k097_r020,geometry,sphere,10,0.1,0.0570608013696232,0.1834589173161553,0.1263981159465321,True,False,False,True
geom_k097_r020,geometry,sphere,10,0.2,0.0700481636406968,0.2173589998387778,0.147310836198081,True,False,False,True
geom_k097_r020,geometry,sphere,20,0.0,0.2788117941284454,1.0957950444040725,0.8169832502756271,True,False,False,True
geom_k097_r020,geometry,sphere,20,0.1,0.3169620104504939,1.1737760772490424,0.8568140667985485,True,False,False,True
geom_k097_r020,geometry,sphere,20,0.2,0.314051758734625,1.221971817744076,0.9079200590094509,True,False,False,True
geom_k097_r020,geometry,sphere,40,0.0,1.1681417571731654,4.6274210667188695,3.459279309545704,False,False,False,True
geom_k097_r020,geometry,sphere,40,0.1,1.1289715889764125,4.785740673487835,3.6567690845114225,False,False,False,True
geom_k097_r020,geometry,sphere,40,0.2,1.0112006513862672,4.507782229478943,3.496581578092676,False,False,False,True
thctl_005_020,threshold_control,ellipsoid_cond1e6,10,0.0,-183.1346473157025,-219.80116359928564,-36.66651628358315,False,False,True,False
thctl_005_020,threshold_control,ellipsoid_cond1e6,10,0.1,-296.62265260187456,-178.2123662487977,118.41028635307686,False,False,False,True
thctl_005_020,threshold_control,ellipsoid_cond1e6,10,0.2,-165.06003099436293,-219.66555272667932,-54.60552173231639,False,False,True,False
thctl_005_020,threshold_control,ellipsoid_cond1e6,20,0.0,-37674.6447805527,-24640.914469503157,13033.730311049541,False,False,False,True
thctl_005_020,threshold_control,ellipsoid_cond1e6,20,0.1,-37674.74856099834,-24641.080866727298,13033.667694271044,False,False,False,True
thctl_005_020,threshold_control,ellipsoid_cond1e6,20,0.2,-37674.65207957549,-24641.09929800375,13033.55278157174,False,False,False,True
thctl_005_020,threshold_control,ellipsoid_cond1e6,40,0.0,-620317.3470573493,-551153.3830670624,69163.96399028692,False,True,False,True
thctl_005_020,threshold_control,ellipsoid_cond1e6,40,0.1,-620317.4553029037,-551153.2331570896,69164.2221458141,False,True,False,True
thctl_005_020,threshold_control,ellipsoid_cond1e6,40,0.2,-620317.0468367639,-551153.3554726643,69163.6913640995,False,True,False,True
thctl_005_020,threshold_control,rastrigin,10,0.0,-6.481236128559136,-8.237962584284233,-1.7567264557250972,False,False,True,False
thctl_005_020,threshold_control,rastrigin,10,0.1,-3.3382561243420232,-5.4912589453840095,-2.1530028210419863,False,False,True,False
thctl_005_020,threshold_control,rastrigin,10,0.2,-5.069016704637309,-8.608311320053028,-3.539294615415719,False,False,True,False
thctl_005_020,threshold_control,rastrigin,20,0.0,-38.84128583220361,-36.805231234396224,2.036054597807386,False,False,False,True
thctl_005_020,threshold_control,rastrigin,20,0.1,-35.1046767249787,-39.512046119210815,-4.407369394232113,False,False,True,False
thctl_005_020,threshold_control,rastrigin,20,0.2,-31.2629414450224,-37.159557065234345,-5.896615620211946,False,False,True,False
thctl_005_020,threshold_control,rastrigin,40,0.0,-48.63559840001883,-45.05005490446197,3.5855434955568555,False,False,False,True
thctl_005_020,threshold_control,rastrigin,40,0.1,-33.246049739603365,-47.02589210713549,-13.779842367532126,False,False,True,False
thctl_005_020,threshold_control,rastrigin,40,0.2,-36.96853760624393,-45.95139083398533,-8.982853227741401,False,False,True,False
thctl_005_020,threshold_control,rosenbrock,10,0.0,2.1667428996053584,2.1964360669214793,0.029693167316120928,True,False,False,True
thctl_005_020,threshold_control,rosenbrock,10,0.1,2.0156707156372624,2.0283081764754396,0.012637460838177184,True,False,False,True
thctl_005_020,threshold_control,rosenbrock,10,0.2,1.9687512311536377,2.4426325060172243,0.47388127486358655,True,False,False,True
thctl_005_020,threshold_control,rosenbrock,20,0.0,28.988317206678627,32.556721845226186,3.568404638547559,True,False,False,True
thctl_005_020,threshold_control,rosenbrock,20,0.1,27.940058249224585,34.28763515882389,6.347576909599304,True,False,False,True
thctl_005_020,threshold_control,rosenbrock,20,0.2,28.174663946019255,32.18060425752515,4.005940311505892,True,False,False,True
thctl_005_020,threshold_control,rosenbrock,40,0.0,-62.47905884580223,-16.130232945885552,46.348825899916676,False,False,False,True
thctl_005_020,threshold_control,rosenbrock,40,0.1,-67.62009211594906,-5.783210414965396,61.83688170098367,False,False,False,True
thctl_005_020,threshold_control,rosenbrock,40,0.2,-64.83059169289834,2.689001869839501,67.51959356273784,False,False,False,True
thctl_005_020,threshold_control,sphere,10,0.0,0.0182942847429511,0.0185516875569764,0.0002574028140252989,True,False,False,True
thctl_005_020,threshold_control,sphere,10,0.1,0.0570608013696232,0.0530715913574442,-0.003989210012179001,True,False,True,False
thctl_005_020,threshold_control,sphere,10,0.2,0.0700481636406968,0.0579065324092287,-0.012141631231468095,True,False,True,False
thctl_005_020,threshold_control,sphere,20,0.0,0.2788117941284454,0.2884107481877447,0.00959895405929928,True,False,False,True
thctl_005_020,threshold_control,sphere,20,0.1,0.3169620104504939,0.3223847571294063,0.005422746678912405,True,False,False,True
thctl_005_020,threshold_control,sphere,20,0.2,0.314051758734625,0.3167883020374787,0.0027365433028537223,True,False,False,True
thctl_005_020,threshold_control,sphere,40,0.0,1.1681417571731654,2.715378017829031,1.5472362606558656,False,False,False,True
thctl_005_020,threshold_control,sphere,40,0.1,1.1289715889764125,2.5758369165619577,1.4468653275855452,False,False,False,True
thctl_005_020,threshold_control,sphere,40,0.2,1.0112006513862672,2.6318193675052095,1.6206187161189423,False,False,False,True
thctl_012_030,threshold_control,ellipsoid_cond1e6,10,0.0,-183.1346473157025,-236.9923905360337,-53.8577432203312,False,False,True,False
thctl_012_030,threshold_control,ellipsoid_cond1e6,10,0.1,-296.62265260187456,-237.04027606327463,59.58237653859993,False,False,False,True
thctl_012_030,threshold_control,ellipsoid_cond1e6,10,0.2,-165.06003099436293,-237.14920232893888,-72.08917133457595,False,False,True,False
thctl_012_030,threshold_control,ellipsoid_cond1e6,20,0.0,-37674.6447805527,-45232.73534115654,-7558.090560603843,False,False,True,False
thctl_012_030,threshold_control,ellipsoid_cond1e6,20,0.1,-37674.74856099834,-45232.65860795653,-7557.91004695819,False,False,True,False
thctl_012_030,threshold_control,ellipsoid_cond1e6,20,0.2,-37674.65207957549,-45232.3527741946,-7557.70069461911,False,False,True,False
thctl_012_030,threshold_control,ellipsoid_cond1e6,40,0.0,-620317.3470573493,-651541.3415637426,-31223.994506393326,False,True,True,False
thctl_012_030,threshold_control,ellipsoid_cond1e6,40,0.1,-620317.4553029037,-651541.2004304789,-31223.74512757524,False,True,True,False
thctl_012_030,threshold_control,ellipsoid_cond1e6,40,0.2,-620317.0468367639,-651541.2771544297,-31224.230317665846,False,True,True,False
thctl_012_030,threshold_control,rastrigin,10,0.0,-6.481236128559136,-5.0821266381228085,1.3991094904363273,False,False,False,True
thctl_012_030,threshold_control,rastrigin,10,0.1,-3.3382561243420232,-5.416632573323979,-2.078376448981956,False,False,True,False
thctl_012_030,threshold_control,rastrigin,10,0.2,-5.069016704637309,-5.207128102817789,-0.13811139818048002,False,False,True,False
thctl_012_030,threshold_control,rastrigin,20,0.0,-38.84128583220361,-34.85642096743687,3.9848648647667417,False,False,False,True
thctl_012_030,threshold_control,rastrigin,20,0.1,-35.1046767249787,-35.24193784117196,-0.1372611161932582,False,False,True,False
thctl_012_030,threshold_control,rastrigin,20,0.2,-31.2629414450224,-30.865586633693137,0.39735481132926154,False,False,False,True
thctl_012_030,threshold_control,rastrigin,40,0.0,-48.63559840001883,-41.62593942989582,7.009658970123006,False,False,False,True
thctl_012_030,threshold_control,rastrigin,40,0.1,-33.246049739603365,-32.65494177329418,0.5911079663091812,False,False,False,True
thctl_012_030,threshold_control,rastrigin,40,0.2,-36.96853760624393,-38.33834855861099,-1.369810952367061,False,False,True,False
thctl_012_030,threshold_control,rosenbrock,10,0.0,2.1667428996053584,2.4428395752536707,0.2760966756483123,True,False,False,True
thctl_012_030,threshold_control,rosenbrock,10,0.1,2.0156707156372624,2.0633976855215788,0.04772696988431635,True,False,False,True
thctl_012_030,threshold_control,rosenbrock,10,0.2,1.9687512311536377,1.950759221682276,-0.017992009471361703,True,False,True,False
thctl_012_030,threshold_control,rosenbrock,20,0.0,28.988317206678627,31.113648630684896,2.1253314240062693,True,False,False,True
thctl_012_030,threshold_control,rosenbrock,20,0.1,27.940058249224585,29.72556719952259,1.7855089502980057,True,False,False,True
thctl_012_030,threshold_control,rosenbrock,20,0.2,28.174663946019255,28.85301894505034,0.678354999031086,True,False,False,True
thctl_012_030,threshold_control,rosenbrock,40,0.0,-62.47905884580223,-140.37550744163238,-77.89644859583015,False,False,True,False
thctl_012_030,threshold_control,rosenbrock,40,0.1,-67.62009211594906,-150.36008296894352,-82.73999085299445,False,False,True,False
thctl_012_030,threshold_control,rosenbrock,40,0.2,-64.83059169289834,-159.2126006520925,-94.38200895919417,False,False,True,False
thctl_012_030,threshold_control,sphere,10,0.0,0.0182942847429511,0.0191366865119971,0.0008424017690460001,True,False,False,True
thctl_012_030,threshold_control,sphere,10,0.1,0.0570608013696232,0.0634526126861243,0.0063918113165011,True,False,False,True
thctl_012_030,threshold_control,sphere,10,0.2,0.0700481636406968,0.0532456800267105,-0.0168024836139863,True,False,True,False
thctl_012_030,threshold_control,sphere,20,0.0,0.2788117941284454,0.2789864639337736,0.00017466980532815368,True,False,False,True
thctl_012_030,threshold_control,sphere,20,0.1,0.3169620104504939,0.3011196807156031,-0.015842329734890803,True,False,True,False
thctl_012_030,threshold_control,sphere,20,0.2,0.314051758734625,0.2876144651745814,-0.026437293560043595,True,False,True,False
thctl_012_030,threshold_control,sphere,40,0.0,1.1681417571731654,0.4071447153144458,-0.7609970418587195,False,False,True,False
thctl_012_030,threshold_control,sphere,40,0.1,1.1289715889764125,0.5177330766215456,-0.6112385123548669,False,False,True,False
thctl_012_030,threshold_control,sphere,40,0.2,1.0112006513862672,0.2799354570395953,-0.7312651943466719,False,False,True,False
thctl_016_035,threshold_control,ellipsoid_cond1e6,10,0.0,-183.1346473157025,-75.54231798030492,107.59232933539758,False,False,False,True
thctl_016_035,threshold_control,ellipsoid_cond1e6,10,0.1,-296.62265260187456,-160.68042422221146,135.9422283796631,False,False,False,True
thctl_016_035,threshold_control,ellipsoid_cond1e6,10,0.2,-165.06003099436293,-171.9340530601037,-6.874022065740775,False,False,True,False
thctl_016_035,threshold_control,ellipsoid_cond1e6,20,0.0,-37674.6447805527,-41925.39619395131,-4250.7514133986115,False,False,True,False
thctl_016_035,threshold_control,ellipsoid_cond1e6,20,0.1,-37674.74856099834,-41925.413800580005,-4250.665239581664,False,False,True,False
thctl_016_035,threshold_control,ellipsoid_cond1e6,20,0.2,-37674.65207957549,-41925.67753290427,-4251.025453328781,False,False,True,False
thctl_016_035,threshold_control,ellipsoid_cond1e6,40,0.0,-620317.3470573493,-665529.7568936318,-45212.40983628249,False,True,True,False
thctl_016_035,threshold_control,ellipsoid_cond1e6,40,0.1,-620317.4553029037,-665529.7797558547,-45212.324452951085,False,True,True,False
thctl_016_035,threshold_control,ellipsoid_cond1e6,40,0.2,-620317.0468367639,-665530.0729855287,-45213.02614876488,False,True,True,False
thctl_016_035,threshold_control,rastrigin,10,0.0,-6.481236128559136,-7.584706335193005,-1.1034702066338689,False,False,True,False
thctl_016_035,threshold_control,rastrigin,10,0.1,-3.3382561243420232,-1.7283063255043274,1.6099497988376958,False,False,False,True
thctl_016_035,threshold_control,rastrigin,10,0.2,-5.069016704637309,-7.738018062003864,-2.6690013573665547,False,False,True,False
thctl_016_035,threshold_control,rastrigin,20,0.0,-38.84128583220361,-26.998292430800227,11.842993401403383,False,False,False,True
thctl_016_035,threshold_control,rastrigin,20,0.1,-35.1046767249787,-29.877814612727025,5.226862112251677,False,False,False,True
thctl_016_035,threshold_control,rastrigin,20,0.2,-31.2629414450224,-32.06515696883941,-0.8022155238170114,False,False,True,False
thctl_016_035,threshold_control,rastrigin,40,0.0,-48.63559840001883,-34.002609691933,14.632988708085826,False,False,False,True
thctl_016_035,threshold_control,rastrigin,40,0.1,-33.246049739603365,-25.870488952329623,7.375560787273741,False,False,False,True
thctl_016_035,threshold_control,rastrigin,40,0.2,-36.96853760624393,-25.978232605328685,10.990305000915242,False,False,False,True
thctl_016_035,threshold_control,rosenbrock,10,0.0,2.1667428996053584,2.4562142452312177,0.2894713456258593,True,False,False,True
thctl_016_035,threshold_control,rosenbrock,10,0.1,2.0156707156372624,2.1827032065391045,0.16703249090184213,True,False,False,True
thctl_016_035,threshold_control,rosenbrock,10,0.2,1.9687512311536377,2.318547500429127,0.34979626927548946,True,False,False,True
thctl_016_035,threshold_control,rosenbrock,20,0.0,28.988317206678627,26.181134367368657,-2.80718283930997,True,False,True,False
thctl_016_035,threshold_control,rosenbrock,20,0.1,27.940058249224585,23.1381899601768,-4.8018682890477855,True,False,True,False
thctl_016_035,threshold_control,rosenbrock,20,0.2,28.174663946019255,25.053093012797596,-3.1215709332216584,True,False,True,False
thctl_016_035,threshold_control,rosenbrock,40,0.0,-62.47905884580223,-167.32021894206468,-104.84116009626246,False,False,True,False
thctl_016_035,threshold_control,rosenbrock,40,0.1,-67.62009211594906,-169.2931559068925,-101.67306379094344,False,False,True,False
thctl_016_035,threshold_control,rosenbrock,40,0.2,-64.83059169289834,-156.90329081063,-92.07269911773167,False,False,True,False
thctl_016_035,threshold_control,sphere,10,0.0,0.0182942847429511,0.020136507199706,0.0018422224567548988,True,False,False,True
thctl_016_035,threshold_control,sphere,10,0.1,0.0570608013696232,0.0515745271140255,-0.005486274255597702,True,False,True,False
thctl_016_035,threshold_control,sphere,10,0.2,0.0700481636406968,0.0563003336004498,-0.013747830040246996,True,False,True,False
thctl_016_035,threshold_control,sphere,20,0.0,0.2788117941284454,0.2720680561099827,-0.0067437380184627305,True,False,True,False
thctl_016_035,threshold_control,sphere,20,0.1,0.3169620104504939,0.3018033680048971,-0.015158642445596782,True,False,True,False
thctl_016_035,threshold_control,sphere,20,0.2,0.314051758734625,0.2870071911912659,-0.0270445675433591,True,False,True,False
thctl_016_035,threshold_control,sphere,40,0.0,1.1681417571731654,0.1906072771624933,-0.9775344800106721,False,False,True,False
thctl_016_035,threshold_control,sphere,40,0.1,1.1289715889764125,0.1109648973427658,-1.0180066916336468,False,False,True,False
thctl_016_035,threshold_control,sphere,40,0.2,1.0112006513862672,0.0765970209611383,-0.934603630425129,False,False,True,False
