slice_level,variant_id,variant_group,function,dimension,n_runs,mean_proxy_time_to_first_floor_gen,median_proxy_time_to_first_floor_gen,mean_proxy_fraction_at_floor,median_proxy_fraction_at_floor,mean_proxy_n_floor_entries,median_proxy_n_floor_entries,mean_proxy_n_floor_exits,median_proxy_n_floor_exits,mean_proxy_n_down_steps,median_proxy_n_down_steps,mean_proxy_n_up_steps,median_proxy_n_up_steps,mean_proxy_n_neutral_steps,median_proxy_n_neutral_steps,mean_proxy_sigma_min_seen,median_proxy_sigma_min_seen,mean_proxy_sigma_max_seen,median_proxy_sigma_max_seen
function_dimension,geom_k090_r005,geometry,ellipsoid_cond1e6,10.0,300,65.05666666666667,64.0,0.1633,0.13,2.4166666666666665,2.0,2.0033333333333334,2.0,34.93,33.0,11.05,11.0,54.02,55.0,0.10356328612026452,0.1,1.7998286484800685,1.7506325637469125
function_dimension,geom_k090_r005,geometry,ellipsoid_cond1e6,20.0,300,82.68666666666667,86.0,0.09143333333333334,0.04,1.5766666666666667,1.0,1.1833333333333333,1.0,30.783333333333335,29.0,9.91,9.0,59.306666666666665,60.0,0.11002876343424996,0.1,1.722082953293046,1.6978207762226485
function_dimension,geom_k090_r005,geometry,ellipsoid_cond1e6,40.0,300,97.44,101.0,0.017300000000000003,0.0,0.34,0.0,0.2,0.0,24.61,24.0,13.26,13.0,62.13,63.0,0.12786417203643868,0.11850134769428315,1.7204913956211552,1.7062564247786425
function_dimension,geom_k090_r005,geometry,rastrigin,10.0,300,46.64,47.0,0.5321333333333333,0.53,1.44,1.0,0.44,0.0,63.32,63.0,7.09,7.0,29.59,29.5,0.09999999999999999,0.1,1.872468677690121,1.8091798153125176
function_dimension,geom_k090_r005,geometry,rastrigin,20.0,300,58.096666666666664,58.0,0.4111,0.41,1.4933333333333334,1.0,0.49333333333333335,0.0,49.623333333333335,49.0,12.306666666666667,12.0,38.07,38.0,0.09999999999999999,0.1,1.730534702922727,1.696271946576596
function_dimension,geom_k090_r005,geometry,rastrigin,40.0,300,71.59666666666666,71.0,0.24303333333333332,0.24,1.96,2.0,0.9733333333333334,1.0,36.43666666666667,37.0,16.72,17.0,46.843333333333334,47.5,0.09999999999999999,0.1,1.7111609866662134,1.7033688577437973
function_dimension,geom_k090_r005,geometry,rosenbrock,10.0,300,52.69,49.0,0.42050000000000004,0.46,1.9033333333333333,2.0,1.0266666666666666,1.0,45.31,49.0,8.356666666666667,6.0,46.333333333333336,45.0,0.10013456496908588,0.1,1.7203537195417589,1.7121070383623898
function_dimension,geom_k090_r005,geometry,rosenbrock,20.0,300,77.17666666666666,74.0,0.19643333333333332,0.21,1.6833333333333333,1.0,0.8533333333333334,1.0,23.2,23.0,14.093333333333334,14.0,62.70666666666666,62.0,0.1023376693506633,0.1,1.6844933503493313,1.6767223872473662
function_dimension,geom_k090_r005,geometry,rosenbrock,40.0,300,100.5,101.0,0.0019000000000000002,0.0,0.06333333333333334,0.0,0.05333333333333334,0.0,12.766666666666667,13.0,21.906666666666666,22.0,65.32666666666667,65.0,0.15487127738894899,0.1495038382229309,1.6983949999051717,1.698563562707371
function_dimension,geom_k090_r005,geometry,sphere,10.0,300,50.943333333333335,51.0,0.4809000000000001,0.485,1.8266666666666667,2.0,0.8366666666666667,1.0,49.586666666666666,50.0,11.013333333333334,11.0,39.4,40.0,0.09999999999999999,0.1,1.9539541206421214,1.9179757151650847
function_dimension,geom_k090_r005,geometry,sphere,20.0,300,78.63,79.0,0.2123,0.21,1.38,1.0,0.3933333333333333,0.0,20.816666666666666,21.0,25.3,25.0,53.88333333333333,54.0,0.09999999999999999,0.1,1.8045562459052773,1.7779837944780246
function_dimension,geom_k090_r005,geometry,sphere,40.0,300,100.98666666666666,101.0,3.3333333333333335e-05,0.0,0.0033333333333333335,0.0,0.0033333333333333335,0.0,8.27,8.0,38.56666666666667,39.0,53.163333333333334,54.0,0.20601280947821682,0.20664671309483146,1.756935354090865,1.7193372629268748
function_dimension,geom_k090_r010,geometry,ellipsoid_cond1e6,10.0,300,40.71,37.5,0.4105666666666667,0.39,4.346666666666667,4.0,3.5,3.0,51.79666666666667,51.0,4.363333333333333,3.0,43.84,45.0,0.19999999999999998,0.2,1.7998286484800685,1.7506325637469125
function_dimension,geom_k090_r010,geometry,ellipsoid_cond1e6,20.0,300,49.21333333333333,48.0,0.3774,0.385,3.5566666666666666,3.0,2.73,2.0,49.33,50.0,4.873333333333333,3.0,45.79666666666667,45.5,0.19999999999999998,0.2,1.722082953293046,1.6978207762226485
function_dimension,geom_k090_r010,geometry,ellipsoid_cond1e6,40.0,300,71.2,71.0,0.1845,0.17,2.4,2.0,1.68,1.0,32.16,31.0,9.44,9.0,58.4,59.0,0.20038210111658414,0.2,1.7204913956211552,1.7062564247786425
function_dimension,geom_k090_r010,geometry,rastrigin,10.0,300,34.94,35.0,0.6494333333333334,0.65,1.5733333333333333,1.0,0.5733333333333334,0.0,72.71666666666667,73.0,4.583333333333333,5.0,22.7,23.0,0.19999999999999998,0.2,1.872468677690121,1.8091798153125176
function_dimension,geom_k090_r010,geometry,rastrigin,20.0,300,40.17333333333333,40.0,0.5883333333333334,0.59,1.7266666666666666,2.0,0.7266666666666667,1.0,67.61,68.0,6.6033333333333335,7.0,25.786666666666665,26.0,0.19999999999999998,0.2,1.730534702922727,1.696271946576596
function_dimension,geom_k090_r010,geometry,rastrigin,40.0,300,46.44,46.0,0.5069,0.52,1.96,2.0,0.9733333333333334,1.0,61.79666666666667,62.0,7.926666666666667,8.0,30.276666666666667,30.0,0.19999999999999998,0.2,1.7111609866662134,1.7033688577437973
function_dimension,geom_k090_r010,geometry,rosenbrock,10.0,300,36.99,37.0,0.5825,0.61,2.0566666666666666,2.0,1.11,1.0,59.29666666666667,62.0,4.316666666666666,3.0,36.38666666666666,35.0,0.19999999999999998,0.2,1.7203537195417589,1.7121070383623898
function_dimension,geom_k090_r010,geometry,rosenbrock,20.0,300,54.68,54.0,0.4252666666666667,0.445,2.02,2.0,1.04,1.0,41.33,43.0,8.21,8.0,50.46,50.0,0.19999999999999998,0.2,1.6844933503493313,1.6767223872473662
function_dimension,geom_k090_r010,geometry,rosenbrock,40.0,300,87.98666666666666,89.0,0.10790000000000001,0.1,1.3133333333333332,1.0,0.54,0.0,16.06,15.0,19.78,19.0,64.16,64.0,0.20256734916115118,0.2,1.6983949999051717,1.698563562707371
function_dimension,geom_k090_r010,geometry,sphere,10.0,300,40.873333333333335,41.0,0.5893666666666667,0.59,1.65,1.0,0.65,0.0,54.96,55.0,10.046666666666667,10.0,34.99333333333333,35.0,0.19999999999999998,0.2,1.9539541206421214,1.9179757151650847
function_dimension,geom_k090_r010,geometry,sphere,20.0,300,62.39666666666667,62.0,0.37729999999999997,0.38,1.29,1.0,0.29,0.0,32.38,33.0,21.916666666666668,21.0,45.70333333333333,46.0,0.19999999999999998,0.2,1.8045562459052773,1.7779837944780246
function_dimension,geom_k090_r010,geometry,sphere,40.0,300,98.14666666666666,101.0,0.0223,0.0,0.5233333333333333,0.0,0.17333333333333334,0.0,8.49,8.0,38.11333333333334,38.0,53.39666666666667,54.0,0.21897826441760196,0.20664671309483146,1.756935354090865,1.7193372629268748
function_dimension,geom_k090_r020,geometry,ellipsoid_cond1e6,10.0,300,22.38,21.0,0.6985333333333333,0.72,3.3533333333333335,3.0,2.3733333333333335,2.0,77.03333333333333,77.0,1.39,0.0,21.576666666666668,21.5,0.39999999999999997,0.4,1.7998286484800685,1.7506325637469125
function_dimension,geom_k090_r020,geometry,ellipsoid_cond1e6,20.0,300,28.94,28.0,0.6667,0.69,2.68,3.0,1.69,2.0,73.88,75.0,1.97,1.0,24.15,23.0,0.39999999999999997,0.4,1.722082953293046,1.6978207762226485
function_dimension,geom_k090_r020,geometry,ellipsoid_cond1e6,40.0,300,43.12,42.5,0.5307000000000001,0.55,2.34,2.0,1.35,1.0,57.65,57.5,5.54,5.0,36.81,36.0,0.39999999999999997,0.4,1.7204913956211552,1.7062564247786425
function_dimension,geom_k090_r020,geometry,rastrigin,10.0,300,27.436666666666667,27.0,0.7137666666666667,0.72,2.1166666666666667,2.0,1.1266666666666667,1.0,80.55666666666667,80.0,3.9833333333333334,4.0,15.46,15.0,0.39999999999999997,0.4,1.872468677690121,1.8091798153125176
function_dimension,geom_k090_r020,geometry,rastrigin,20.0,300,31.82,31.5,0.6722,0.67,1.7333333333333334,2.0,0.7466666666666667,1.0,75.91333333333333,76.0,5.713333333333333,6.0,18.373333333333335,18.0,0.39999999999999997,0.4,1.730534702922727,1.696271946576596
function_dimension,geom_k090_r020,geometry,rastrigin,40.0,300,36.49666666666667,36.0,0.6082333333333332,0.61,2.066666666666667,2.0,1.0933333333333333,1.0,69.59666666666666,69.0,6.87,7.0,23.533333333333335,24.0,0.39999999999999997,0.4,1.7111609866662134,1.7033688577437973
function_dimension,geom_k090_r020,geometry,rosenbrock,10.0,300,24.38,24.0,0.7406666666666667,0.75,2.006666666666667,2.0,1.0233333333333334,1.0,73.53666666666666,75.0,1.6166666666666667,1.0,24.846666666666668,24.0,0.39999999999999997,0.4,1.7203537195417589,1.7121070383623898
function_dimension,geom_k090_r020,geometry,rosenbrock,20.0,300,38.04333333333334,38.5,0.6173,0.61,1.5033333333333334,1.0,0.5033333333333333,0.0,60.79333333333334,61.0,5.236666666666666,5.0,33.97,34.0,0.39999999999999997,0.4,1.6844933503493313,1.6767223872473662
function_dimension,geom_k090_r020,geometry,rosenbrock,40.0,300,60.11666666666667,60.0,0.3826333333333334,0.38,1.65,1.0,0.65,0.0,35.093333333333334,35.0,14.09,13.5,50.81666666666667,50.0,0.39999999999999997,0.4,1.6983949999051717,1.698563562707371
function_dimension,geom_k090_r020,geometry,sphere,10.0,300,30.27,30.0,0.7027666666666667,0.71,1.2666666666666666,1.0,0.27,0.0,63.873333333333335,64.0,7.996666666666667,8.0,28.13,28.0,0.39999999999999997,0.4,1.9539541206421214,1.9179757151650847
function_dimension,geom_k090_r020,geometry,sphere,20.0,300,45.943333333333335,46.0,0.5457666666666667,0.54,1.2,1.0,0.2,0.0,47.593333333333334,48.0,17.116666666666667,17.0,35.29,35.0,0.39999999999999997,0.4,1.8045562459052773,1.7779837944780246
function_dimension,geom_k090_r020,geometry,sphere,40.0,300,71.9,72.0,0.2682333333333333,0.27,1.5833333333333333,1.0,0.5866666666666667,0.0,20.65,20.0,30.623333333333335,31.0,48.72666666666667,49.0,0.39999999999999997,0.4,1.756935354090865,1.7193372629268748
function_dimension,geom_k093_r005,geometry,ellipsoid_cond1e6,10.0,300,73.60666666666667,75.0,0.1446666666666667,0.1,2.066666666666667,2.0,1.59,1.0,40.343333333333334,37.0,9.246666666666666,9.0,50.41,53.0,0.10798937924043694,0.1,1.8663564034564744,1.8243818016321245
function_dimension,geom_k093_r005,geometry,ellipsoid_cond1e6,20.0,300,82.66333333333333,85.5,0.10006666666666668,0.06,1.5266666666666666,1.0,1.21,1.0,39.1,37.0,7.21,7.0,53.69,54.0,0.11054530579458136,0.1,1.7808090923226882,1.7527241425767786
function_dimension,geom_k093_r005,geometry,ellipsoid_cond1e6,40.0,300,99.22333333333333,101.0,0.009933333333333334,0.0,0.23333333333333334,0.0,0.14666666666666667,0.0,31.206666666666667,31.0,9.853333333333333,9.0,58.94,60.0,0.139923920301698,0.1313451914152894,1.7750116026347618,1.7658681080954812
function_dimension,geom_k093_r005,geometry,rastrigin,10.0,300,51.903333333333336,52.0,0.4802333333333333,0.49,1.3933333333333333,1.0,0.3933333333333333,0.0,63.78666666666667,64.0,6.253333333333333,6.0,29.96,30.0,0.09999999999999999,0.1,1.9385536303662312,1.8942933215910305
function_dimension,geom_k093_r005,geometry,rastrigin,20.0,300,66.09333333333333,66.0,0.3365666666666667,0.34,1.3633333333333333,1.0,0.36333333333333334,0.0,50.04,50.0,11.633333333333333,11.0,38.32666666666667,38.0,0.09999999999999999,0.1,1.7944202640565285,1.752225413031232
function_dimension,geom_k093_r005,geometry,rastrigin,40.0,300,82.66333333333333,83.0,0.15719999999999998,0.16,1.59,1.0,0.6533333333333333,0.0,38.29333333333334,38.0,15.046666666666667,15.0,46.66,47.0,0.10019856553462311,0.1,1.7662611609131362,1.7599812629830451
function_dimension,geom_k093_r005,geometry,rosenbrock,10.0,300,52.163333333333334,50.0,0.4366333333333334,0.48,1.6933333333333334,1.0,0.79,0.0,49.11,51.0,6.59,5.0,44.3,44.0,0.10027276166913233,0.1,1.7650604253541262,1.7575193495506012
function_dimension,geom_k093_r005,geometry,rosenbrock,20.0,300,80.08666666666667,78.0,0.18176666666666666,0.195,1.42,1.0,0.5633333333333334,0.0,24.426666666666666,24.0,12.28,12.0,63.29333333333334,64.0,0.10217819153475909,0.1,1.7374614352114077,1.733631802034101
function_dimension,geom_k093_r005,geometry,rosenbrock,40.0,300,100.96333333333334,101.0,0.0001666666666666667,0.0,0.013333333333333334,0.0,0.01,0.0,15.74,15.0,19.983333333333334,20.0,64.27666666666667,64.0,0.17019964928491638,0.1664665932522402,1.7549863541800248,1.7551823481309499
function_dimension,geom_k093_r005,geometry,sphere,10.0,300,52.09,52.0,0.46103333333333335,0.46,2.3433333333333333,2.0,1.39,1.0,49.64666666666667,50.0,10.276666666666667,10.5,40.07666666666667,40.0,0.09999999999999999,0.1,1.9880571411354504,1.9449104735478753
function_dimension,geom_k093_r005,geometry,sphere,20.0,300,79.84666666666666,79.0,0.20393333333333333,0.21,1.3066666666666666,1.0,0.31666666666666665,0.0,20.80666666666667,21.0,23.83,24.0,55.36333333333334,55.0,0.09999999999999999,0.1,1.8461406612071842,1.806296222947472
function_dimension,geom_k093_r005,geometry,sphere,40.0,300,101.0,101.0,0.0,0.0,0.0,0.0,0.0,0.0,8.82,8.0,35.37,35.0,55.81,56.0,0.21942092899464097,0.2164392422938432,1.7989114037873488,1.7681240836141812
function_dimension,geom_k093_r010,geometry,ellipsoid_cond1e6,10.0,300,45.46,43.0,0.37039999999999995,0.38,3.75,3.0,2.993333333333333,3.0,54.82666666666667,56.5,4.13,3.0,41.04333333333334,42.0,0.20020183454070284,0.2,1.8663564034564744,1.8243818016321245
function_dimension,geom_k093_r010,geometry,ellipsoid_cond1e6,20.0,300,55.42,52.0,0.34919999999999995,0.36,2.83,3.0,1.95,2.0,54.97,57.0,3.59,2.0,41.44,41.0,0.2000564501942432,0.2,1.7808090923226882,1.7527241425767786
function_dimension,geom_k093_r010,geometry,ellipsoid_cond1e6,40.0,300,75.52,74.0,0.17900000000000002,0.165,2.13,2.0,1.42,1.0,38.07,36.5,7.57,7.0,54.36,55.0,0.20100915943618256,0.2,1.7750116026347618,1.7658681080954812
function_dimension,geom_k093_r010,geometry,rastrigin,10.0,300,40.29333333333334,40.0,0.5992333333333334,0.6,1.4333333333333333,1.0,0.43333333333333335,0.0,73.72333333333333,74.0,3.9,3.0,22.376666666666665,22.0,0.19999999999999998,0.2,1.9385536303662312,1.8942933215910305
function_dimension,geom_k093_r010,geometry,rastrigin,20.0,300,47.526666666666664,47.0,0.5199000000000001,0.52,1.5866666666666667,1.0,0.59,0.0,67.94,67.0,6.52,6.0,25.54,25.0,0.19999999999999998,0.2,1.7944202640565285,1.752225413031232
function_dimension,geom_k093_r010,geometry,rastrigin,40.0,300,54.61666666666667,55.0,0.43843333333333334,0.44,1.6766666666666667,2.0,0.6866666666666666,1.0,62.32666666666667,62.0,7.84,8.0,29.833333333333332,30.0,0.19999999999999998,0.2,1.7662611609131362,1.7599812629830451
function_dimension,geom_k093_r010,geometry,rosenbrock,10.0,300,37.95666666666666,38.0,0.5852,0.6,1.9966666666666666,2.0,1.0633333333333332,1.0,61.68,63.0,3.6533333333333333,2.0,34.666666666666664,34.0,0.19999999999999998,0.2,1.7650604253541262,1.7575193495506012
function_dimension,geom_k093_r010,geometry,rosenbrock,20.0,300,56.95,57.0,0.4132,0.42,1.7233333333333334,2.0,0.7466666666666667,1.0,42.11333333333334,42.5,7.1433333333333335,7.0,50.74333333333333,51.0,0.19999999999999998,0.2,1.7374614352114077,1.733631802034101
function_dimension,geom_k093_r010,geometry,rosenbrock,40.0,300,91.66,92.0,0.0753,0.08,1.0666666666666667,1.0,0.39,0.0,17.1,17.0,18.763333333333332,19.0,64.13666666666667,64.0,0.20470730844790375,0.2,1.7549863541800248,1.7551823481309499
function_dimension,geom_k093_r010,geometry,sphere,10.0,300,41.52,41.0,0.5837,0.59,1.71,1.0,0.7166666666666667,0.0,55.17333333333333,55.0,9.466666666666667,10.0,35.36,36.0,0.19999999999999998,0.2,1.9880571411354504,1.9449104735478753
function_dimension,geom_k093_r010,geometry,sphere,20.0,300,63.13,63.0,0.37333333333333335,0.38,1.1966666666666668,1.0,0.19666666666666666,0.0,32.17666666666667,32.0,20.696666666666665,20.5,47.126666666666665,47.0,0.19999999999999998,0.2,1.8461406612071842,1.806296222947472
function_dimension,geom_k093_r010,geometry,sphere,40.0,300,99.23,101.0,0.013733333333333334,0.0,0.42333333333333334,0.0,0.13666666666666666,0.0,8.893333333333333,8.0,35.156666666666666,35.0,55.95,56.5,0.22614463236996887,0.2164392422938432,1.7989114037873488,1.7681240836141812
function_dimension,geom_k093_r020,geometry,ellipsoid_cond1e6,10.0,300,27.04,26.0,0.6485666666666666,0.66,3.66,3.0,2.6766666666666667,2.0,77.27,79.0,0.99,0.0,21.74,20.0,0.39999999999999997,0.4,1.8663564034564744,1.8243818016321245
function_dimension,geom_k093_r020,geometry,ellipsoid_cond1e6,20.0,300,32.34,31.5,0.6305000000000001,0.64,2.44,2.0,1.44,1.0,75.38,76.0,1.66,1.0,22.96,22.0,0.39999999999999997,0.4,1.7808090923226882,1.7527241425767786
function_dimension,geom_k093_r020,geometry,ellipsoid_cond1e6,40.0,300,46.94,46.0,0.4947,0.495,2.32,2.0,1.33,1.0,60.39,60.0,4.46,4.0,35.15,34.5,0.39999999999999997,0.4,1.7750116026347618,1.7658681080954812
function_dimension,geom_k093_r020,geometry,rastrigin,10.0,300,31.54,31.0,0.6506333333333333,0.66,3.14,3.0,2.19,2.0,80.71666666666667,81.0,3.506666666666667,3.0,15.776666666666667,16.0,0.39999999999999997,0.4,1.9385536303662312,1.8942933215910305
function_dimension,geom_k093_r020,geometry,rastrigin,20.0,300,36.736666666666665,36.0,0.6278,0.63,1.5433333333333332,1.0,0.5566666666666666,0.0,76.00666666666666,76.0,5.756666666666667,6.0,18.236666666666668,18.0,0.39999999999999997,0.4,1.7944202640565285,1.752225413031232
function_dimension,geom_k093_r020,geometry,rastrigin,40.0,300,42.416666666666664,43.0,0.5627,0.56,1.7066666666666668,1.0,0.7233333333333334,0.5,69.68,69.0,6.86,7.0,23.46,23.0,0.39999999999999997,0.4,1.7662611609131362,1.7599812629830451
function_dimension,geom_k093_r020,geometry,rosenbrock,10.0,300,26.343333333333334,26.0,0.7288,0.73,1.76,1.0,0.7866666666666666,0.0,75.04,75.0,1.3733333333333333,1.0,23.586666666666666,24.0,0.39999999999999997,0.4,1.7650604253541262,1.7575193495506012
function_dimension,geom_k093_r020,geometry,rosenbrock,20.0,300,38.50333333333333,39.0,0.6147000000000001,0.62,1.4433333333333334,1.0,0.44333333333333336,0.0,61.57666666666667,62.0,4.153333333333333,4.0,34.27,34.0,0.39999999999999997,0.4,1.7374614352114077,1.733631802034101
function_dimension,geom_k093_r020,geometry,rosenbrock,40.0,300,62.526666666666664,62.0,0.3679666666666666,0.37,1.59,1.0,0.59,0.0,35.10333333333333,36.0,12.84,12.0,52.056666666666665,52.0,0.39999999999999997,0.4,1.7549863541800248,1.7551823481309499
function_dimension,geom_k093_r020,geometry,sphere,10.0,300,30.503333333333334,30.0,0.7008666666666666,0.7,1.2766666666666666,1.0,0.27666666666666667,0.0,63.66,63.5,7.423333333333333,7.0,28.916666666666668,29.0,0.39999999999999997,0.4,1.9880571411354504,1.9449104735478753
function_dimension,geom_k093_r020,geometry,sphere,20.0,300,46.473333333333336,46.0,0.5414666666666667,0.54,1.1666666666666667,1.0,0.16666666666666666,0.0,47.53,47.5,16.16,16.0,36.31,37.0,0.39999999999999997,0.4,1.8461406612071842,1.806296222947472
function_dimension,geom_k093_r020,geometry,sphere,40.0,300,74.12666666666667,75.0,0.2504,0.25,1.53,1.0,0.53,0.0,20.236666666666668,20.0,28.67,28.5,51.093333333333334,51.0,0.39999999999999997,0.4,1.7989114037873488,1.7681240836141812
function_dimension,geom_k095_r005,geometry,ellipsoid_cond1e6,10.0,300,78.75,81.0,0.11486666666666664,0.07,1.77,2.0,1.3733333333333333,1.0,44.29,41.0,8.363333333333333,7.0,47.346666666666664,49.0,0.10885073581942782,0.1,1.892614167301747,1.853602406788845
function_dimension,geom_k095_r005,geometry,ellipsoid_cond1e6,20.0,300,92.76,101.0,0.0473,0.0,0.7433333333333333,0.0,0.5233333333333333,0.0,44.696666666666665,45.0,6.246666666666667,5.0,49.056666666666665,49.0,0.12131585905616606,0.10331537992425215,1.8236531067567057,1.793276075954954
function_dimension,geom_k095_r005,geometry,ellipsoid_cond1e6,40.0,300,100.38,101.0,0.0031000000000000003,0.0,0.1,0.0,0.06,0.0,38.51,39.0,7.23,6.0,54.26,54.0,0.15635894542597978,0.14962137258894992,1.8130290146241388,1.80394457830931
function_dimension,geom_k095_r005,geometry,rastrigin,10.0,300,58.47666666666667,58.0,0.4165333333333333,0.42,1.4066666666666667,1.0,0.4066666666666667,0.0,63.11333333333334,63.0,6.276666666666666,6.0,30.61,30.0,0.09999999999999999,0.1,1.9501320703556568,1.917532906423166
function_dimension,geom_k095_r005,geometry,rastrigin,20.0,300,74.70333333333333,74.0,0.2549,0.26,1.2833333333333334,1.0,0.2866666666666667,0.0,50.25,50.0,10.553333333333333,10.0,39.196666666666665,39.0,0.09999999999999999,0.1,1.813092302896254,1.7841381515664094
function_dimension,geom_k095_r005,geometry,rastrigin,40.0,300,91.68333333333334,93.0,0.07896666666666667,0.07,1.12,1.0,0.41,0.0,43.89,43.0,13.52,13.0,42.59,43.0,0.10257689556983164,0.1,1.8046234902947993,1.7983372132724946
function_dimension,geom_k095_r005,geometry,rosenbrock,10.0,300,54.343333333333334,51.0,0.4114,0.46,1.7833333333333334,2.0,0.9166666666666666,1.0,50.25333333333333,52.0,6.76,5.0,42.986666666666665,43.0,0.10008880082144678,0.1,1.8073217297195734,1.8014062264369946
function_dimension,geom_k095_r005,geometry,rosenbrock,20.0,300,82.01,81.0,0.1647,0.18,1.4966666666666666,1.0,0.69,0.0,24.213333333333335,24.0,11.506666666666666,11.0,64.28,65.0,0.10195282801508138,0.1,1.7724578429527307,1.7693186514621042
function_dimension,geom_k095_r005,geometry,rosenbrock,40.0,300,101.0,101.0,0.0,0.0,0.0,0.0,0.0,0.0,17.96,18.0,16.666666666666668,17.0,65.37333333333333,66.0,0.1696472890704457,0.170446835288022,1.7927279962054012,1.7929282050800024
function_dimension,geom_k095_r005,geometry,sphere,10.0,300,53.79,54.0,0.4281999999999999,0.43,3.026666666666667,3.0,2.1266666666666665,2.0,49.77333333333333,51.0,9.843333333333334,10.0,40.38333333333333,40.0,0.09999999999999999,0.1,2.0281533257570263,2.0006964254898727
function_dimension,geom_k095_r005,geometry,sphere,20.0,300,80.67,80.0,0.19476666666666667,0.2,1.37,1.0,0.38333333333333336,0.0,20.746666666666666,21.0,22.34,22.5,56.913333333333334,57.0,0.09999999999999999,0.1,1.8810649336855985,1.8535943696230988
function_dimension,geom_k095_r005,geometry,sphere,40.0,300,101.0,101.0,0.0,0.0,0.0,0.0,0.0,0.0,10.146666666666667,10.0,33.64666666666667,34.0,56.20666666666666,57.0,0.2253197265553588,0.22451827423504125,1.8220619354656693,1.8007167956632344
function_dimension,geom_k095_r010,geometry,ellipsoid_cond1e6,10.0,300,50.45,47.5,0.3421333333333333,0.345,3.86,4.0,3.09,3.0,57.77333333333333,56.0,3.5433333333333334,2.0,38.68333333333333,39.0,0.20003352979639946,0.2,1.892614167301747,1.853602406788845
function_dimension,geom_k095_r010,geometry,ellipsoid_cond1e6,20.0,300,64.06,61.5,0.2778333333333333,0.27,2.43,2.0,1.68,2.0,55.64,56.0,3.24,2.0,41.12,41.5,0.2018442996193544,0.2,1.8236531067567057,1.793276075954954
function_dimension,geom_k095_r010,geometry,ellipsoid_cond1e6,40.0,300,84.21,83.0,0.1322,0.13,1.4,1.0,0.73,0.5,42.84,42.0,5.88,5.0,51.28,51.5,0.20642760963631285,0.2,1.8130290146241388,1.80394457830931
function_dimension,geom_k095_r010,geometry,rastrigin,10.0,300,46.653333333333336,47.0,0.5348666666666668,0.54,1.4866666666666666,1.0,0.4866666666666667,0.0,73.38333333333334,74.0,4.043333333333333,4.0,22.573333333333334,23.0,0.19999999999999998,0.2,1.9501320703556568,1.917532906423166
function_dimension,geom_k095_r010,geometry,rastrigin,20.0,300,55.416666666666664,56.0,0.44630000000000003,0.44,1.43,1.0,0.43,0.0,68.18333333333334,68.5,5.993333333333333,6.0,25.823333333333334,25.5,0.19999999999999998,0.2,1.813092302896254,1.7841381515664094
function_dimension,geom_k095_r010,geometry,rastrigin,40.0,300,63.946666666666665,64.0,0.34926666666666667,0.35,1.6,1.5,0.6033333333333334,1.0,62.78666666666667,63.0,7.443333333333333,7.0,29.77,30.0,0.19999999999999998,0.2,1.8046234902947993,1.7983372132724946
function_dimension,geom_k095_r010,geometry,rosenbrock,10.0,300,39.873333333333335,38.5,0.5583666666666667,0.58,2.0233333333333334,2.0,1.11,1.0,62.71333333333333,64.0,4.023333333333333,3.0,33.263333333333335,33.0,0.19999999999999998,0.2,1.8073217297195734,1.8014062264369946
function_dimension,geom_k095_r010,geometry,rosenbrock,20.0,300,58.05,58.0,0.40169999999999995,0.41,1.8266666666666667,2.0,0.8566666666666667,1.0,42.16,43.0,6.39,5.0,51.45,51.0,0.19999999999999998,0.2,1.7724578429527307,1.7693186514621042
function_dimension,geom_k095_r010,geometry,rosenbrock,40.0,300,92.31,94.0,0.07306666666666667,0.07,1.0466666666666666,1.0,0.33666666666666667,0.0,19.75,19.0,15.626666666666667,16.0,64.62333333333333,65.0,0.20278715317140322,0.2,1.7927279962054012,1.7929282050800024
function_dimension,geom_k095_r010,geometry,sphere,10.0,300,41.79333333333334,42.0,0.5746333333333333,0.575,2.08,2.0,1.09,1.0,55.22,56.0,8.896666666666667,9.0,35.88333333333333,36.0,0.19999999999999998,0.2,2.0281533257570263,2.0006964254898727
function_dimension,geom_k095_r010,geometry,sphere,20.0,300,64.01333333333334,64.0,0.367,0.37,1.15,1.0,0.15,0.0,32.11,32.0,19.346666666666668,19.0,48.54333333333334,48.0,0.19999999999999998,0.2,1.8810649336855985,1.8535943696230988
function_dimension,geom_k095_r010,geometry,sphere,40.0,300,99.85,101.0,0.009333333333333334,0.0,0.27666666666666667,0.0,0.07333333333333333,0.0,10.196666666666667,10.0,33.57333333333333,33.0,56.23,57.0,0.22986182735775879,0.22451827423504125,1.8220619354656693,1.8007167956632344
function_dimension,geom_k095_r020,geometry,ellipsoid_cond1e6,10.0,300,29.33,27.0,0.6071333333333333,0.635,4.38,4.0,3.44,3.0,79.91,81.5,0.67,0.0,19.42,18.0,0.39999999999999997,0.4,1.892614167301747,1.853602406788845
function_dimension,geom_k095_r020,geometry,ellipsoid_cond1e6,20.0,300,38.17,37.5,0.5812999999999999,0.6,2.47,2.0,1.47,1.0,75.88,77.0,1.51,0.0,22.61,22.0,0.39999999999999997,0.4,1.8236531067567057,1.793276075954954
function_dimension,geom_k095_r020,geometry,ellipsoid_cond1e6,40.0,300,52.69,52.5,0.43799999999999994,0.46,2.13,2.0,1.16,1.0,59.95,60.0,3.93,3.0,36.12,37.0,0.39999999999999997,0.4,1.8130290146241388,1.80394457830931
function_dimension,geom_k095_r020,geometry,rastrigin,10.0,300,35.57333333333333,35.0,0.5815666666666666,0.59,4.1866666666666665,4.0,3.2333333333333334,3.0,80.79333333333334,81.0,3.59,3.0,15.616666666666667,16.0,0.39999999999999997,0.4,1.9501320703556568,1.917532906423166
function_dimension,geom_k095_r020,geometry,rastrigin,20.0,300,41.806666666666665,41.0,0.5677,0.57,1.8266666666666667,2.0,0.8666666666666667,1.0,76.33666666666667,77.0,5.306666666666667,5.0,18.356666666666666,18.0,0.39999999999999997,0.4,1.813092302896254,1.7841381515664094
function_dimension,geom_k095_r020,geometry,rastrigin,40.0,300,48.053333333333335,48.0,0.5086333333333334,0.51,1.5033333333333334,1.0,0.5233333333333333,0.0,70.19,70.0,6.776666666666666,6.0,23.033333333333335,24.0,0.39999999999999997,0.4,1.8046234902947993,1.7983372132724946
function_dimension,geom_k095_r020,geometry,rosenbrock,10.0,300,26.43,26.0,0.7142999999999999,0.72,2.08,2.0,1.12,1.0,76.26333333333334,77.0,1.1833333333333333,1.0,22.553333333333335,22.0,0.39999999999999997,0.4,1.8073217297195734,1.8014062264369946
function_dimension,geom_k095_r020,geometry,rosenbrock,20.0,300,39.8,39.0,0.6016666666666667,0.6,1.4066666666666667,1.0,0.4066666666666667,0.0,61.52333333333333,61.5,3.8366666666666664,3.0,34.64,35.0,0.39999999999999997,0.4,1.7724578429527307,1.7693186514621042
function_dimension,geom_k095_r020,geometry,rosenbrock,40.0,300,62.98,63.0,0.3725,0.37,1.37,1.0,0.37,0.0,38.04,38.0,10.456666666666667,10.0,51.50333333333333,51.0,0.39999999999999997,0.4,1.7927279962054012,1.7929282050800024
function_dimension,geom_k095_r020,geometry,sphere,10.0,300,31.08,31.0,0.6943666666666667,0.7,1.3233333333333333,1.0,0.3233333333333333,0.0,64.08666666666667,64.0,6.803333333333334,7.0,29.11,29.0,0.39999999999999997,0.4,2.0281533257570263,2.0006964254898727
function_dimension,geom_k095_r020,geometry,sphere,20.0,300,46.903333333333336,47.0,0.5384666666666668,0.54,1.1366666666666667,1.0,0.13666666666666666,0.0,47.60666666666667,48.0,15.18,15.0,37.21333333333333,38.0,0.39999999999999997,0.4,1.8810649336855985,1.8535943696230988
function_dimension,geom_k095_r020,geometry,sphere,40.0,300,75.75,76.0,0.23996666666666666,0.24,1.5066666666666666,1.0,0.5133333333333333,0.0,20.52,20.0,27.836666666666666,28.0,51.64333333333333,52.0,0.39999999999999997,0.4,1.8220619354656693,1.8007167956632344
function_dimension,geom_k097_r005,geometry,ellipsoid_cond1e6,10.0,300,84.31666666666666,89.0,0.0839,0.04,1.3333333333333333,1.0,0.9766666666666667,1.0,50.12,47.0,6.383333333333334,6.0,43.49666666666667,44.0,0.11554232566404049,0.1,1.9378080433352658,1.9060469357744916
function_dimension,geom_k097_r005,geometry,ellipsoid_cond1e6,20.0,300,95.62666666666667,101.0,0.03313333333333334,0.0,0.49666666666666665,0.0,0.32,0.0,54.85333333333333,54.0,3.933333333333333,3.5,41.21333333333333,41.0,0.13969670672355397,0.12452731327725235,1.856073369845139,1.8290081457628928
function_dimension,geom_k097_r005,geometry,ellipsoid_cond1e6,40.0,300,100.92,101.0,0.0007999999999999999,0.0,0.02,0.0,0.0,0.0,52.15,51.5,5.0,5.0,42.85,43.0,0.19700099070095423,0.1857099774985419,1.8450597412428473,1.8385030344020907
function_dimension,geom_k097_r005,geometry,rastrigin,10.0,300,69.02333333333333,68.0,0.3128666666666667,0.33,1.3833333333333333,1.0,0.4,0.0,64.07666666666667,64.0,5.74,5.0,30.183333333333334,30.0,0.10147999002157551,0.1,1.981259928920099,1.9572641646850883
function_dimension,geom_k097_r005,geometry,rastrigin,20.0,300,87.82,88.0,0.12516666666666665,0.13,1.16,1.0,0.2633333333333333,0.0,53.623333333333335,53.5,9.453333333333333,9.0,36.92333333333333,37.0,0.10170192059239047,0.1,1.8628580330274034,1.8259694366476795
function_dimension,geom_k097_r005,geometry,rastrigin,40.0,300,100.58666666666667,101.0,0.0033000000000000004,0.0,0.07666666666666666,0.0,0.02,0.0,56.63333333333333,57.0,9.003333333333334,9.0,34.36333333333334,34.0,0.13370056439744238,0.1297354064475478,1.8374861946942629,1.835438249146284
function_dimension,geom_k097_r005,geometry,rosenbrock,10.0,300,58.08,54.0,0.37523333333333336,0.43,1.7666666666666666,1.0,0.9266666666666666,1.0,50.026666666666664,53.0,6.8533333333333335,5.0,43.12,42.0,0.10061343784283808,0.1,1.84454186751151,1.8315462671661833
function_dimension,geom_k097_r005,geometry,rosenbrock,20.0,300,85.72666666666667,85.0,0.13133333333333336,0.13,1.22,1.0,0.49,0.0,27.513333333333332,27.0,10.63,11.0,61.85666666666667,62.0,0.10584471150384973,0.1,1.8099931968489966,1.8059528287847177
function_dimension,geom_k097_r005,geometry,rosenbrock,40.0,300,101.0,101.0,0.0,0.0,0.0,0.0,0.0,0.0,21.85333333333333,21.0,14.143333333333333,14.0,64.00333333333333,64.0,0.19268683974238704,0.18726634032124329,1.8304696382307777,1.8306740620290551
function_dimension,geom_k097_r005,geometry,sphere,10.0,300,55.336666666666666,54.0,0.38736666666666664,0.39,3.5033333333333334,3.5,2.6966666666666668,3.0,50.04333333333334,50.0,9.426666666666666,9.0,40.53,41.0,0.09999999999999999,0.1,2.073392403500567,2.062486750271421
function_dimension,geom_k097_r005,geometry,sphere,20.0,300,83.24333333333334,83.0,0.17056666666666664,0.17,1.26,1.0,0.2866666666666667,0.0,20.506666666666668,20.0,22.303333333333335,22.0,57.19,58.0,0.10001813340024376,0.1,1.9090223408472957,1.865621794727575
function_dimension,geom_k097_r005,geometry,sphere,40.0,300,101.0,101.0,0.0,0.0,0.0,0.0,0.0,0.0,11.133333333333333,10.0,31.26,31.0,57.60666666666667,58.0,0.23926240891513562,0.2371319091910655,1.851697742038469,1.837512252455536
function_dimension,geom_k097_r010,geometry,ellipsoid_cond1e6,10.0,300,59.73,55.5,0.2796666666666667,0.27,3.6733333333333333,4.0,2.92,3.0,61.78666666666667,60.5,3.5866666666666664,2.0,34.626666666666665,36.0,0.2013188059369892,0.2,1.9378080433352658,1.9060469357744916
function_dimension,geom_k097_r010,geometry,ellipsoid_cond1e6,20.0,300,73.60666666666667,70.5,0.20366666666666666,0.21,1.9433333333333334,2.0,1.2533333333333334,1.0,63.10333333333333,62.0,2.43,2.0,34.46666666666667,34.5,0.20359797060943557,0.2,1.856073369845139,1.8290081457628928
function_dimension,geom_k097_r010,geometry,ellipsoid_cond1e6,40.0,300,93.54,96.0,0.0591,0.03,0.73,1.0,0.31,0.0,53.24666666666667,53.0,4.74,4.0,42.013333333333335,42.0,0.2205417918232206,0.2,1.8450597412428473,1.8385030344020907
function_dimension,geom_k097_r010,geometry,rastrigin,10.0,300,56.8,56.0,0.43126666666666663,0.44,1.5866666666666667,1.0,0.5966666666666667,0.0,73.5,73.5,3.9833333333333334,4.0,22.516666666666666,23.0,0.20056485497067664,0.2,1.981259928920099,1.9572641646850883
function_dimension,geom_k097_r010,geometry,rastrigin,20.0,300,69.26,69.0,0.30829999999999996,0.31,1.4133333333333333,1.0,0.42,0.0,68.35,68.0,5.443333333333333,5.0,26.206666666666667,26.0,0.19999999999999998,0.2,1.8628580330274034,1.8259694366476795
function_dimension,geom_k097_r010,geometry,rastrigin,40.0,300,82.27,82.0,0.17413333333333333,0.17,1.33,1.0,0.38,0.0,63.43666666666667,63.0,6.946666666666666,6.0,29.616666666666667,29.0,0.20051596252852866,0.2,1.8374861946942629,1.835438249146284
function_dimension,geom_k097_r010,geometry,rosenbrock,10.0,300,41.88666666666666,41.0,0.5254333333333333,0.57,2.2533333333333334,2.0,1.3433333333333333,1.0,62.516666666666666,65.0,3.75,3.0,33.733333333333334,32.0,0.19999999999999998,0.2,1.84454186751151,1.8315462671661833
function_dimension,geom_k097_r010,geometry,rosenbrock,20.0,300,61.96333333333333,61.0,0.3533,0.37,1.7633333333333334,1.0,0.83,0.0,42.33,43.5,6.513333333333334,6.0,51.156666666666666,50.0,0.19999999999999998,0.2,1.8099931968489966,1.8059528287847177
function_dimension,geom_k097_r010,geometry,rosenbrock,40.0,300,95.88,97.0,0.046099999999999995,0.04,0.73,1.0,0.15666666666666668,0.0,22.85,22.0,13.796666666666667,13.0,63.35333333333333,64.0,0.21182712953777658,0.2,1.8304696382307777,1.8306740620290551
function_dimension,geom_k097_r010,geometry,sphere,10.0,300,42.49666666666667,42.0,0.5546,0.56,2.8233333333333333,2.0,1.8833333333333333,2.0,54.57666666666667,55.0,8.753333333333334,9.0,36.67,37.0,0.19999999999999998,0.2,2.073392403500567,2.062486750271421
function_dimension,geom_k097_r010,geometry,sphere,20.0,300,65.68333333333334,65.0,0.34956666666666664,0.35,1.17,1.0,0.17333333333333334,0.0,31.473333333333333,31.0,19.53,20.0,48.99666666666667,49.0,0.19999999999999998,0.2,1.9090223408472957,1.865621794727575
function_dimension,geom_k097_r010,geometry,sphere,40.0,300,100.71333333333334,101.0,0.002533333333333333,0.0,0.10333333333333333,0.0,0.02,0.0,11.133333333333333,10.0,31.236666666666668,31.0,57.63,58.0,0.24055901625186432,0.2371319091910655,1.851697742038469,1.837512252455536
function_dimension,geom_k097_r020,geometry,ellipsoid_cond1e6,10.0,300,35.25,33.5,0.5206999999999999,0.525,4.913333333333333,5.0,4.093333333333334,4.0,79.51,82.5,0.9,0.0,19.59,17.0,0.39999999999999997,0.4,1.9378080433352658,1.9060469357744916
function_dimension,geom_k097_r020,geometry,ellipsoid_cond1e6,20.0,300,45.98,46.0,0.4954,0.5,2.56,2.0,1.63,1.0,78.71,81.0,1.27,0.0,20.02,18.0,0.39999999999999997,0.4,1.856073369845139,1.8290081457628928
function_dimension,geom_k097_r020,geometry,ellipsoid_cond1e6,40.0,300,62.63,62.0,0.35429999999999995,0.37,1.69,1.0,0.76,1.0,66.52,66.0,3.26,3.0,30.22,30.0,0.39999999999999997,0.4,1.8450597412428473,1.8385030344020907
function_dimension,geom_k097_r020,geometry,rastrigin,10.0,300,44.45,42.5,0.45489999999999997,0.46,4.876666666666667,5.0,3.9966666666666666,4.0,80.84333333333333,81.0,3.46,3.0,15.696666666666667,15.0,0.39999999999999997,0.4,1.981259928920099,1.9572641646850883
function_dimension,geom_k097_r020,geometry,rastrigin,20.0,300,51.2,51.0,0.43666666666666665,0.44,3.0533333333333332,3.0,2.12,2.0,75.52666666666667,75.0,4.776666666666666,5.0,19.696666666666665,19.0,0.39999999999999997,0.4,1.8628580330274034,1.8259694366476795
function_dimension,geom_k097_r020,geometry,rastrigin,40.0,300,58.56333333333333,58.0,0.40926666666666667,0.42,1.4633333333333334,1.0,0.49,0.0,69.37666666666667,69.0,6.243333333333333,6.0,24.38,24.0,0.39999999999999997,0.4,1.8374861946942629,1.835438249146284
function_dimension,geom_k097_r020,geometry,rosenbrock,10.0,300,28.383333333333333,28.0,0.6933,0.71,2.3266666666666667,2.0,1.38,1.0,77.28666666666666,78.0,0.9066666666666666,0.0,21.80666666666667,21.0,0.39999999999999997,0.4,1.84454186751151,1.8315462671661833
function_dimension,geom_k097_r020,geometry,rosenbrock,20.0,300,41.68,41.0,0.5847666666666667,0.59,1.3633333333333333,1.0,0.36333333333333334,0.0,62.14333333333333,63.0,3.0833333333333335,3.0,34.77333333333333,34.0,0.39999999999999997,0.4,1.8099931968489966,1.8059528287847177
function_dimension,geom_k097_r020,geometry,rosenbrock,40.0,300,66.48333333333333,66.0,0.33449999999999996,0.34,1.4133333333333333,1.0,0.41333333333333333,0.0,37.656666666666666,38.0,10.14,10.0,52.20333333333333,52.0,0.39999999999999997,0.4,1.8304696382307777,1.8306740620290551
function_dimension,geom_k097_r020,geometry,sphere,10.0,300,31.356666666666666,31.0,0.6911666666666666,0.7,1.4033333333333333,1.0,0.41333333333333333,0.0,63.656666666666666,64.0,6.63,7.0,29.713333333333335,29.0,0.39999999999999997,0.4,2.073392403500567,2.062486750271421
function_dimension,geom_k097_r020,geometry,sphere,20.0,300,48.09,48.0,0.5268333333333334,0.53,1.1266666666666667,1.0,0.12666666666666668,0.0,46.72,47.0,15.173333333333334,15.0,38.10666666666667,39.0,0.39999999999999997,0.4,1.9090223408472957,1.865621794727575
function_dimension,geom_k097_r020,geometry,sphere,40.0,300,77.75,78.0,0.2219,0.23,1.4033333333333333,1.0,0.4033333333333333,0.0,20.44,20.0,26.276666666666667,26.0,53.28333333333333,54.0,0.39999999999999997,0.4,1.851697742038469,1.837512252455536
function_dimension,thctl_005_020,threshold_control,ellipsoid_cond1e6,10.0,300,49.27,47.5,0.31839999999999996,0.29,3.59,3.0,2.8933333333333335,3.0,36.086666666666666,37.0,8.16,6.0,55.75333333333333,55.0,0.19999999999999998,0.2,1.8498785604997834,1.7808825252913827
function_dimension,thctl_005_020,threshold_control,ellipsoid_cond1e6,20.0,300,61.55,59.0,0.2564,0.255,2.77,3.0,2.05,2.0,35.0,32.0,8.27,7.0,56.73,57.0,0.20026448145414286,0.2,1.7502129409208635,1.7081182922250924
function_dimension,thctl_005_020,threshold_control,ellipsoid_cond1e6,40.0,300,85.3,87.0,0.09003333333333333,0.06,1.3233333333333333,1.0,0.8633333333333333,1.0,22.803333333333335,21.0,12.913333333333334,12.0,64.28333333333333,65.0,0.20857985162001966,0.2,1.7413234943856917,1.7109543319267857
function_dimension,thctl_005_020,threshold_control,rastrigin,10.0,300,39.52333333333333,39.0,0.5997666666666667,0.6,1.74,2.0,0.7433333333333333,1.0,60.71333333333333,61.0,7.476666666666667,7.0,31.81,31.0,0.19999999999999998,0.2,1.913192541799599,1.8784658452668357
function_dimension,thctl_005_020,threshold_control,rastrigin,20.0,300,47.123333333333335,47.0,0.5096666666666666,0.52,1.9033333333333333,2.0,0.9066666666666666,1.0,55.63333333333333,56.0,10.116666666666667,10.0,34.25,34.0,0.19999999999999998,0.2,1.7644179568329248,1.70488490668156
function_dimension,thctl_005_020,threshold_control,rastrigin,40.0,300,55.03,55.0,0.3976666666666667,0.39,2.1933333333333334,2.0,1.21,1.0,48.836666666666666,49.0,12.44,13.0,38.723333333333336,39.0,0.19999999999999998,0.2,1.7243181618533099,1.7058323298660734
function_dimension,thctl_005_020,threshold_control,rosenbrock,10.0,300,41.53,41.0,0.5388333333333333,0.56,2.0766666666666667,2.0,1.18,1.0,47.39666666666667,48.0,7.073333333333333,6.0,45.53,45.0,0.19999999999999998,0.2,1.750283275364875,1.7371539747668292
function_dimension,thctl_005_020,threshold_control,rosenbrock,20.0,300,61.63333333333333,61.0,0.3602666666666667,0.37,1.9,2.0,0.9233333333333333,1.0,27.863333333333333,29.0,12.516666666666667,12.0,59.62,60.0,0.19999999999999998,0.2,1.6976825492681862,1.6832741664083435
function_dimension,thctl_005_020,threshold_control,rosenbrock,40.0,300,96.69,100.0,0.03443333333333334,0.01,0.69,1.0,0.26666666666666666,0.0,9.983333333333333,9.0,26.433333333333334,27.0,63.583333333333336,64.0,0.21713510156133178,0.2,1.6989219783672822,1.6987430480874934
function_dimension,thctl_005_020,threshold_control,sphere,10.0,300,44.656666666666666,44.0,0.5471666666666667,0.55,1.9533333333333334,2.0,0.9566666666666667,1.0,44.736666666666665,45.0,15.893333333333333,16.0,39.37,39.0,0.19999999999999998,0.2,2.007027063644212,1.9843039678476195
function_dimension,thctl_005_020,threshold_control,sphere,20.0,300,68.45,68.0,0.31810000000000005,0.32,1.2833333333333334,1.0,0.2833333333333333,0.0,21.74,22.0,29.316666666666666,29.0,48.943333333333335,49.0,0.19999999999999998,0.2,1.849982034997989,1.8459487667547445
function_dimension,thctl_005_020,threshold_control,sphere,40.0,300,100.55333333333333,101.0,0.0024000000000000002,0.0,0.07,0.0,0.03,0.0,5.823333333333333,6.0,43.63333333333333,44.0,50.54333333333334,50.0,0.27474069755729535,0.2724140760618017,1.7978217878572074,1.7840410854650766
function_dimension,thctl_012_030,threshold_control,ellipsoid_cond1e6,10.0,300,33.89,30.0,0.5171,0.54,3.9033333333333333,4.0,3.006666666666667,3.0,68.54333333333334,70.0,3.203333333333333,2.0,28.253333333333334,27.0,0.19999999999999998,0.2,1.7640001362638198,1.7328158527994577
function_dimension,thctl_012_030,threshold_control,ellipsoid_cond1e6,20.0,300,39.92,38.0,0.5001000000000001,0.53,3.33,3.0,2.41,2.0,65.53,67.0,2.93,2.0,31.54,31.0,0.19999999999999998,0.2,1.7068687405570393,1.6955321574102127
function_dimension,thctl_012_030,threshold_control,ellipsoid_cond1e6,40.0,300,58.16,56.5,0.3249,0.33,3.15,3.0,2.28,2.0,46.15,46.5,6.24,5.0,47.61,48.0,0.20016846427492235,0.2,1.7121800933036668,1.7051793384594174
function_dimension,thctl_012_030,threshold_control,rastrigin,10.0,300,30.95,31.0,0.6937,0.7,1.3733333333333333,1.0,0.37333333333333335,0.0,82.25,82.0,2.9966666666666666,2.0,14.753333333333334,15.0,0.19999999999999998,0.2,1.8365556334837985,1.7847107448805781
function_dimension,thctl_012_030,threshold_control,rastrigin,20.0,300,35.373333333333335,35.0,0.6433333333333333,0.64,1.52,1.0,0.52,0.0,77.25333333333333,77.0,4.28,4.0,18.466666666666665,19.0,0.19999999999999998,0.2,1.7090527317689483,1.6892884938039732
function_dimension,thctl_012_030,threshold_control,rastrigin,40.0,300,39.35,39.0,0.5915666666666667,0.59,1.7333333333333334,2.0,0.7366666666666667,1.0,73.39,73.0,5.696666666666666,5.0,20.913333333333334,21.0,0.19999999999999998,0.2,1.706141380166149,1.703181955906759
function_dimension,thctl_012_030,threshold_control,rosenbrock,10.0,300,31.023333333333333,30.0,0.6415666666666666,0.66,1.9533333333333334,2.0,1.0466666666666666,1.0,71.20666666666666,74.0,2.796666666666667,2.0,25.996666666666666,24.0,0.19999999999999998,0.2,1.6997024110150323,1.7008251769844527
function_dimension,thctl_012_030,threshold_control,rosenbrock,20.0,300,47.81333333333333,47.0,0.4956999999999999,0.5,2.013333333333333,2.0,1.0233333333333334,1.0,53.78333333333333,54.0,6.663333333333333,6.0,39.553333333333335,39.0,0.19999999999999998,0.2,1.6785562217928343,1.6756263359858208
function_dimension,thctl_012_030,threshold_control,rosenbrock,40.0,300,78.16,77.0,0.20246666666666668,0.21,1.46,1.0,0.51,0.0,27.416666666666668,28.0,17.046666666666667,17.0,55.53666666666667,55.0,0.2000794728140678,0.2,1.698373891141959,1.698563562707371
function_dimension,thctl_012_030,threshold_control,sphere,10.0,300,37.406666666666666,38.0,0.6290333333333332,0.63,1.4033333333333333,1.0,0.4033333333333333,0.0,63.85,64.0,7.123333333333333,7.0,29.026666666666667,29.0,0.19999999999999998,0.2,1.9157900647051447,1.8811103447818636
function_dimension,thctl_012_030,threshold_control,sphere,20.0,300,56.343333333333334,56.0,0.44109999999999994,0.44,1.1833333333333333,1.0,0.18333333333333332,0.0,43.70666666666666,44.0,16.756666666666668,17.0,39.53666666666667,39.0,0.19999999999999998,0.2,1.7667708497435775,1.7252440931236395
function_dimension,thctl_012_030,threshold_control,sphere,40.0,300,89.89333333333333,90.0,0.09373333333333334,0.09,1.31,1.0,0.4533333333333333,0.0,14.313333333333333,14.0,32.29,32.0,53.39666666666667,53.0,0.20111812195760131,0.2,1.7261176975315933,1.7066601659026714
function_dimension,thctl_016_035,threshold_control,ellipsoid_cond1e6,10.0,300,29.23,27.5,0.5957333333333334,0.61,3.52,4.0,2.6,3.0,80.03666666666666,82.0,1.8666666666666667,0.0,18.096666666666668,16.5,0.19999999999999998,0.2,1.7442617671836198,1.729128318581989
function_dimension,thctl_016_035,threshold_control,ellipsoid_cond1e6,20.0,300,34.28,33.5,0.5711999999999999,0.595,3.14,3.0,2.15,2.0,75.32,78.0,2.43,2.0,22.25,21.0,0.19999999999999998,0.2,1.6974302574498592,1.693046726449663
function_dimension,thctl_016_035,threshold_control,ellipsoid_cond1e6,40.0,300,50.42,50.0,0.3949,0.41,3.31,3.0,2.4,2.0,56.53,57.0,5.56,5.0,37.91,37.0,0.19999999999999998,0.2,1.7060877533947028,1.7049525804817196
function_dimension,thctl_016_035,threshold_control,rastrigin,10.0,300,28.466666666666665,29.0,0.7203999999999999,0.72,1.2833333333333334,1.0,0.2833333333333333,0.0,87.64333333333333,88.0,1.9333333333333333,1.0,10.423333333333334,10.0,0.19999999999999998,0.2,1.8026048251658873,1.757653405220882
function_dimension,thctl_016_035,threshold_control,rastrigin,20.0,300,31.77,31.5,0.6840999999999999,0.69,1.3666666666666667,1.0,0.36666666666666664,0.0,83.33,84.0,2.8133333333333335,2.0,13.856666666666667,14.0,0.19999999999999998,0.2,1.696004715224298,1.68897634420911
function_dimension,thctl_016_035,threshold_control,rastrigin,40.0,300,34.343333333333334,34.0,0.6500333333333334,0.65,1.5566666666666666,1.0,0.5566666666666666,0.0,80.59666666666666,81.0,3.7666666666666666,3.0,15.636666666666667,15.5,0.19999999999999998,0.2,1.704597657360456,1.7030581813035521
function_dimension,thctl_016_035,threshold_control,rosenbrock,10.0,300,28.736666666666668,28.0,0.6719333333333333,0.69,1.8833333333333333,1.0,0.9666666666666667,1.0,78.88333333333334,80.0,2.3,1.0,18.816666666666666,18.0,0.19999999999999998,0.2,1.686453747905181,1.6813276364373868
function_dimension,thctl_016_035,threshold_control,rosenbrock,20.0,300,43.82333333333333,44.0,0.5425666666666666,0.55,1.8133333333333332,2.0,0.8233333333333334,1.0,63.06333333333333,64.0,4.69,4.0,32.24666666666667,31.0,0.19999999999999998,0.2,1.677075737413909,1.6756263359858208
function_dimension,thctl_016_035,threshold_control,rosenbrock,40.0,300,68.70666666666666,69.0,0.28656666666666664,0.29,1.8566666666666667,2.0,0.8633333333333333,1.0,36.56333333333333,36.0,12.993333333333334,12.0,50.443333333333335,50.0,0.19999999999999998,0.2,1.698373891141959,1.698563562707371
function_dimension,thctl_016_035,threshold_control,sphere,10.0,300,34.38333333333333,34.0,0.6595666666666666,0.66,1.3566666666666667,1.0,0.36,0.0,70.38333333333334,70.0,5.323333333333333,5.0,24.293333333333333,24.0,0.19999999999999998,0.2,1.874024440460821,1.847732191888922
function_dimension,thctl_016_035,threshold_control,sphere,20.0,300,51.876666666666665,52.0,0.48453333333333337,0.48,1.2466666666666666,1.0,0.24666666666666667,0.0,51.99,52.0,13.09,13.0,34.92,35.0,0.19999999999999998,0.2,1.7404179930943655,1.7043121918581186
function_dimension,thctl_016_035,threshold_control,sphere,40.0,300,82.10666666666667,82.0,0.1743,0.175,1.46,1.0,0.4766666666666667,0.0,22.696666666666665,23.0,26.513333333333332,27.0,50.79,51.0,0.2000418045531052,0.2,1.7137853350836083,1.7044749949084204
overall,geom_k090_r005,geometry,,,3600,73.53694444444444,73.0,0.2308638888888889,0.21,1.3405555555555555,1.0,0.705,0.0,33.30444444444444,30.0,15.797777777777778,14.0,50.897777777777776,52.0,0.11706771189815568,0.1,1.7646045962589882,1.7097394966020452
overall,geom_k090_r010,geometry,,,3600,55.3125,49.0,0.4018138888888888,0.45,2.0347222222222223,2.0,1.1655555555555555,1.0,45.660555555555554,49.0,11.681111111111111,8.0,42.65833333333333,42.0,0.2018273095579448,0.2,1.7646045962589882,1.7097394966020452
overall,geom_k090_r020,geometry,,,3600,38.403888888888886,34.0,0.595625,0.63,1.9583333333333333,2.0,0.9677777777777777,1.0,61.3475,66.0,8.512222222222222,6.0,30.14027777777778,29.0,0.4,0.4,1.7646045962589882,1.7097394966020452
overall,geom_k093_r005,geometry,,,3600,76.85861111111112,77.0,0.20935000000000004,0.19,1.2458333333333333,1.0,0.6188888888888889,0.0,35.943333333333335,35.0,13.964444444444444,12.0,50.09222222222222,51.0,0.1208940585295657,0.1,1.81766913121878,1.7645136701767035
overall,geom_k093_r010,geometry,,,3600,59.106944444444444,54.0,0.3750527777777778,0.42,1.793611111111111,1.0,0.9436111111111111,1.0,47.416111111111114,51.0,10.7025,8.0,41.881388888888885,41.0,0.2026766154157501,0.2,1.81766913121878,1.7645136701767035
overall,geom_k093_r020,geometry,,,3600,41.29083333333333,38.0,0.5682583333333333,0.6,1.9647222222222223,2.0,0.9758333333333333,1.0,61.8825,66.0,7.821111111111111,5.0,30.296388888888888,29.0,0.4,0.4,1.81766913121878,1.7645136701767035
overall,geom_k095_r005,geometry,,,3600,80.79722222222222,83.0,0.17622777777777776,0.14,1.175,1.0,0.5980555555555556,0.0,38.15361111111111,40.0,12.74611111111111,11.0,49.10027777777778,49.0,0.1238425900278115,0.1,1.8500776596679414,1.802226757724096
overall,geom_k095_r010,geometry,,,3600,63.385555555555555,60.0,0.33889166666666665,0.38,1.7175,1.0,0.8863888888888889,0.0,48.56305555555556,52.0,9.833333333333334,7.0,41.603611111111114,41.0,0.20341286829843577,0.2,1.8500776596679414,1.802226757724096
overall,geom_k095_r020,geometry,,,3600,44.047222222222224,41.0,0.5371333333333332,0.56,2.11,2.0,1.1302777777777777,1.0,62.59166666666667,67.0,7.256666666666667,5.0,30.151666666666667,28.0,0.4,0.4,1.8500776596679414,1.802226757724096
overall,geom_k097_r005,geometry,,,3600,85.22333333333333,92.0,0.13530555555555557,0.06,1.0183333333333333,1.0,0.5316666666666666,0.0,42.71111111111111,48.0,11.1775,9.0,46.11138888888889,45.0,0.13562900245870096,0.1,1.8866385416702194,1.8384958587567557
overall,geom_k097_r010,geometry,,,3600,70.31916666666666,68.0,0.27397222222222223,0.29,1.6266666666666667,1.0,0.8572222222222222,0.0,50.691944444444445,55.0,9.225833333333334,6.0,40.08222222222222,39.0,0.20657712763820768,0.2,1.8866385416702194,1.8384958587567557
overall,geom_k097_r020,geometry,,,3600,49.31805555555555,48.0,0.47697500000000004,0.48,2.2994444444444446,2.0,1.3491666666666666,1.0,63.19916666666666,67.0,6.843333333333334,4.0,29.9575,28.0,0.4,0.4,1.8866385416702194,1.8384958587567557
overall,thctl_005_020,threshold_control,,,3600,62.60916666666667,57.0,0.33109444444444447,0.36,1.791111111111111,2.0,1.0255555555555556,1.0,34.71805555555556,35.0,16.186944444444446,13.0,49.095,49.0,0.20839334434939916,0.2,1.795421862149327,1.7282926324346328
overall,thctl_012_030,threshold_control,,,3600,48.19027777777778,42.0,0.4811916666666667,0.53,2.0277777777777777,2.0,1.0788888888888888,1.0,57.28277777777778,62.0,9.001944444444444,6.0,33.71527777777778,32.0,0.20011383825388265,0.2,1.7433424876227972,1.7044838961655742
overall,thctl_016_035,threshold_control,,,3600,43.17861111111111,37.0,0.5363194444444443,0.59,1.9827777777777778,2.0,1.0077777777777779,1.0,65.58638888888889,71.0,6.94,4.0,27.47361111111111,25.0,0.20000348371275878,0.2,1.7284265100732223,1.7022506859105744
