function,dimension,noise_sigma,method,n_pairs,vanilla_median,method_median,median_delta_vs_vanilla,win_rate_vs_vanilla,loss_rate_vs_vanilla,wilcoxon_p_two_sided,ratio_median_vs_vanilla_non_primary,bh_fdr_q_value,variant_id,variant_group,lr_enabled,lr_ema_alpha,lr_snr_up_threshold,lr_snr_down_threshold,lr_sigma_up_factor,lr_sigma_down_factor,lr_sigma_min_ratio,lr_sigma_max_ratio
ellipsoid_cond1e6,10,0.0,lr_adapt_proxy,100,1084.1895885976264,772.5279235925334,-183.1346473157025,0.59,0.41,0.007245785591138978,0.7125395149678387,0.008694942709366774,baseline,baseline,True,0.2,0.25,0.08,1.03,0.9,0.1,10.0
ellipsoid_cond1e6,10,0.1,lr_adapt_proxy,100,1084.1407318568422,772.6706267944583,-296.62265260187456,0.59,0.41,0.006332857655442997,0.7127032534522347,0.007861478468825789,baseline,baseline,True,0.2,0.25,0.08,1.03,0.9,0.1,10.0
ellipsoid_cond1e6,10,0.2,lr_adapt_proxy,100,1084.574072559482,785.1307085972703,-165.06003099436293,0.59,0.41,0.00853049051665323,0.7239069497064812,0.009596801831234885,baseline,baseline,True,0.2,0.25,0.08,1.03,0.9,0.1,10.0
ellipsoid_cond1e6,20,0.0,lr_adapt_proxy,100,71476.35575055666,31784.610448487227,-37674.6447805527,0.9,0.1,3.1686412518635367e-15,0.44468705930407887,8.77469885131441e-15,baseline,baseline,True,0.2,0.25,0.08,1.03,0.9,0.1,10.0
ellipsoid_cond1e6,20,0.1,lr_adapt_proxy,100,71476.28190092588,31784.65038499892,-37674.74856099834,0.9,0.1,3.4412810293497968e-15,0.4446880774947975,8.849008361185191e-15,baseline,baseline,True,0.2,0.25,0.08,1.03,0.9,0.1,10.0
ellipsoid_cond1e6,20,0.2,lr_adapt_proxy,100,71476.47036003675,31034.774222856082,-37674.65207957549,0.9,0.1,3.1686412518635367e-15,0.43419567399634706,8.77469885131441e-15,baseline,baseline,True,0.2,0.25,0.08,1.03,0.9,0.1,10.0
ellipsoid_cond1e6,40,0.0,lr_adapt_proxy,100,974680.8769914254,294630.4515314406,-620317.3470573493,0.99,0.01,4.266322730718234e-18,0.3022840177606486,2.1941088329408057e-17,baseline,baseline,True,0.2,0.25,0.08,1.03,0.9,0.1,10.0
ellipsoid_cond1e6,40,0.1,lr_adapt_proxy,100,974680.8919976151,294630.38492763764,-620317.4553029037,0.99,0.01,4.266322730718234e-18,0.30228394477272524,2.1941088329408057e-17,baseline,baseline,True,0.2,0.25,0.08,1.03,0.9,0.1,10.0
ellipsoid_cond1e6,40,0.2,lr_adapt_proxy,100,974680.7746896397,294630.43796168757,-620317.0468367639,0.99,0.01,4.266322730718234e-18,0.3022840355659057,2.1941088329408057e-17,baseline,baseline,True,0.2,0.25,0.08,1.03,0.9,0.1,10.0
rastrigin,10,0.0,lr_adapt_proxy,100,32.88772565234917,22.53477261077699,-6.481236128559136,0.61,0.39,0.001402171019698284,0.6852031316786217,0.001802791311040651,baseline,baseline,True,0.2,0.25,0.08,1.03,0.9,0.1,10.0
rastrigin,10,0.1,lr_adapt_proxy,100,27.86170059955571,21.402377574040663,-3.3382561243420232,0.55,0.45,0.007627245069920197,0.768164796601897,0.00885744588764926,baseline,baseline,True,0.2,0.25,0.08,1.03,0.9,0.1,10.0
rastrigin,10,0.2,lr_adapt_proxy,100,29.811595447831188,21.709683741668556,-5.069016704637309,0.55,0.45,0.011498623474520207,0.7282295165872429,0.012543952881294772,baseline,baseline,True,0.2,0.25,0.08,1.03,0.9,0.1,10.0
rastrigin,20,0.0,lr_adapt_proxy,100,147.32603598588292,104.49298596865736,-38.84128583220361,0.89,0.11,1.8019328432324396e-14,0.7092635410259059,4.324638823757855e-14,baseline,baseline,True,0.2,0.25,0.08,1.03,0.9,0.1,10.0
rastrigin,20,0.1,lr_adapt_proxy,100,147.47632172389268,110.92063416300564,-35.1046767249787,0.92,0.08,6.166069759616457e-17,0.7521250385582092,2.7747313918274057e-16,baseline,baseline,True,0.2,0.25,0.08,1.03,0.9,0.1,10.0
rastrigin,20,0.2,lr_adapt_proxy,100,145.7451324744635,108.5709722961257,-31.2629414450224,0.93,0.07,1.2733079538420982e-16,0.7449372095850185,4.583908633831553e-16,baseline,baseline,True,0.2,0.25,0.08,1.03,0.9,0.1,10.0
rastrigin,40,0.0,lr_adapt_proxy,100,396.62080226754233,353.90750358683704,-48.635598400018836,0.79,0.21,2.9955051713902096e-10,0.8923069631332831,5.991010342780419e-10,baseline,baseline,True,0.2,0.25,0.08,1.03,0.9,0.1,10.0
rastrigin,40,0.1,lr_adapt_proxy,100,395.9868836951423,354.87574947824635,-33.246049739603365,0.81,0.19,6.092187697490645e-09,0.8961805657973608,1.0965937855483162e-08,baseline,baseline,True,0.2,0.25,0.08,1.03,0.9,0.1,10.0
rastrigin,40,0.2,lr_adapt_proxy,100,398.0030655310753,357.45903069909775,-36.96853760624393,0.73,0.27,2.701284296002611e-08,0.8981313503757122,4.630773078861619e-08,baseline,baseline,True,0.2,0.25,0.08,1.03,0.9,0.1,10.0
rosenbrock,10,0.0,lr_adapt_proxy,100,7.963584578782786,10.280012411408856,2.1667428996053584,0.26,0.74,2.8586825773647623e-05,1.290877532562118,4.2880238660471434e-05,baseline,baseline,True,0.2,0.25,0.08,1.03,0.9,0.1,10.0
rosenbrock,10,0.1,lr_adapt_proxy,100,8.307753329260235,10.507173976304054,2.0156707156372624,0.26,0.74,0.00015334083624479915,1.2647431332966246,0.00020445444832639886,baseline,baseline,True,0.2,0.25,0.08,1.03,0.9,0.1,10.0
rosenbrock,10,0.2,lr_adapt_proxy,100,8.057731884500688,10.436536924421238,1.9687512311536377,0.25,0.75,8.866282125739412e-05,1.2952201778389103,0.00012276390635639187,baseline,baseline,True,0.2,0.25,0.08,1.03,0.9,0.1,10.0
rosenbrock,20,0.0,lr_adapt_proxy,100,32.17534839079061,65.82358441945792,28.988317206678627,0.26,0.74,4.0973322370456585e-05,2.0457768978905064,5.9001584213457484e-05,baseline,baseline,True,0.2,0.25,0.08,1.03,0.9,0.1,10.0
rosenbrock,20,0.1,lr_adapt_proxy,100,34.3542372111561,69.69903672832763,27.940058249224585,0.26,0.74,1.2418346489695002e-05,2.028833773834855,2.032093061950091e-05,baseline,baseline,True,0.2,0.25,0.08,1.03,0.9,0.1,10.0
rosenbrock,20,0.2,lr_adapt_proxy,100,32.3738134768236,64.56742034437076,28.174663946019255,0.24,0.76,2.172993678852733e-05,1.9944335686802714,3.401207497334713e-05,baseline,baseline,True,0.2,0.25,0.08,1.03,0.9,0.1,10.0
rosenbrock,40,0.0,lr_adapt_proxy,100,588.945718635892,520.5422275367914,-62.47905884580223,0.58,0.42,0.05591357897020115,0.8838543367671713,0.05591357897020115,baseline,baseline,True,0.2,0.25,0.08,1.03,0.9,0.1,10.0
rosenbrock,40,0.1,lr_adapt_proxy,100,608.2524167439151,520.4781762078961,-67.62009211594906,0.59,0.41,0.03719430432353409,0.8556943825954851,0.03825699873277792,baseline,baseline,True,0.2,0.25,0.08,1.03,0.9,0.1,10.0
rosenbrock,40,0.2,lr_adapt_proxy,100,579.9679281583306,515.8980335901931,-64.83059169289834,0.59,0.41,0.02801404950478365,0.889528555877927,0.029661934769770925,baseline,baseline,True,0.2,0.25,0.08,1.03,0.9,0.1,10.0
sphere,10,0.0,lr_adapt_proxy,100,1.0582496805720369e-05,0.01830198436954239,0.01829428474295114,0.0,1.0,3.89655984509591e-18,1729.4580575398097,2.1941088329408057e-17,baseline,baseline,True,0.2,0.25,0.08,1.03,0.9,0.1,10.0
sphere,10,0.1,lr_adapt_proxy,100,-0.21794884339332712,-0.16840390628863625,0.05706080136962326,0.06,0.94,9.815788244911682e-17,0.7726763017719791,3.926315297964673e-16,baseline,baseline,True,0.2,0.25,0.08,1.03,0.9,0.1,10.0
sphere,10,0.2,lr_adapt_proxy,100,-0.4586406283900504,-0.3831782618591294,0.07004816364069688,0.22,0.78,5.311468043336473e-10,0.8354651510141746,1.006383418737437e-09,baseline,baseline,True,0.2,0.25,0.08,1.03,0.9,0.1,10.0
sphere,20,0.0,lr_adapt_proxy,100,0.012083707862821896,0.29118055773923573,0.2788117941284454,0.0,1.0,3.89655984509591e-18,24.096954431935153,2.1941088329408057e-17,baseline,baseline,True,0.2,0.25,0.08,1.03,0.9,0.1,10.0
sphere,20,0.1,lr_adapt_proxy,100,-0.09197217458066785,0.2340954694339728,0.3169620104504939,0.01,0.99,4.0161556854627e-18,-2.545285794331742,2.1941088329408057e-17,baseline,baseline,True,0.2,0.25,0.08,1.03,0.9,0.1,10.0
sphere,20,0.2,lr_adapt_proxy,100,-0.23843736043551503,0.09599798114854946,0.314051758734625,0.01,0.99,4.0161556854627e-18,-0.4026130006354937,2.1941088329408057e-17,baseline,baseline,True,0.2,0.25,0.08,1.03,0.9,0.1,10.0
sphere,40,0.0,lr_adapt_proxy,100,1.6171826672837812,2.749465924587623,1.1681417571731654,0.15,0.85,3.116882971760749e-13,1.7001579229176529,6.600458057846292e-13,baseline,baseline,True,0.2,0.25,0.08,1.03,0.9,0.1,10.0
sphere,40,0.1,lr_adapt_proxy,100,1.5099065684665791,2.6756925362435284,1.1289715889764123,0.09,0.91,1.6769992593993554e-15,1.7720914605735443,5.488361212579708e-15,baseline,baseline,True,0.2,0.25,0.08,1.03,0.9,0.1,10.0
sphere,40,0.2,lr_adapt_proxy,100,1.6930524834295937,2.72429837114643,1.0112006513862672,0.13,0.87,3.116882971760749e-13,1.6091045007818396,6.600458057846292e-13,baseline,baseline,True,0.2,0.25,0.08,1.03,0.9,0.1,10.0
ellipsoid_cond1e6,10,0.0,lr_adapt_proxy,100,1084.1895885976264,959.9451961685293,-242.12325002103861,0.57,0.43,0.16169360297069768,0.8854034444383437,0.17120499138073872,ema_alpha_0.1,ema_alpha,True,0.1,0.25,0.08,1.03,0.9,0.1,10.0
ellipsoid_cond1e6,10,0.1,lr_adapt_proxy,100,1084.1407318568422,939.705959926103,-228.0301013350913,0.58,0.42,0.1487118509560032,0.8667748866114815,0.1673008323255036,ema_alpha_0.1,ema_alpha,True,0.1,0.25,0.08,1.03,0.9,0.1,10.0
ellipsoid_cond1e6,10,0.2,lr_adapt_proxy,100,1084.574072559482,999.6318318489243,-242.0307515157395,0.58,0.42,0.17117023411272703,0.9216814758349305,0.1760608122302335,ema_alpha_0.1,ema_alpha,True,0.1,0.25,0.08,1.03,0.9,0.1,10.0
ellipsoid_cond1e6,20,0.0,lr_adapt_proxy,100,71476.35575055666,31894.407120959557,-38191.8844193789,0.84,0.16,2.2920849632668923e-14,0.4462231850804895,5.157191167350508e-14,ema_alpha_0.1,ema_alpha,True,0.1,0.25,0.08,1.03,0.9,0.1,10.0
ellipsoid_cond1e6,20,0.1,lr_adapt_proxy,100,71476.28190092588,31894.496699952622,-38191.91376771456,0.84,0.16,2.2920849632668923e-14,0.44622489938917026,5.157191167350508e-14,ema_alpha_0.1,ema_alpha,True,0.1,0.25,0.08,1.03,0.9,0.1,10.0
ellipsoid_cond1e6,20,0.2,lr_adapt_proxy,100,71476.47036003675,31894.131014176033,-38191.89325071816,0.84,0.16,1.5340861010765875e-14,0.4462186066760283,3.9447928313397965e-14,ema_alpha_0.1,ema_alpha,True,0.1,0.25,0.08,1.03,0.9,0.1,10.0
ellipsoid_cond1e6,40,0.0,lr_adapt_proxy,100,974680.8769914254,307143.04330430273,-642141.3201482573,0.99,0.01,4.0161556854627e-18,0.31512164704859064,2.3306714028563373e-17,ema_alpha_0.1,ema_alpha,True,0.1,0.25,0.08,1.03,0.9,0.1,10.0
ellipsoid_cond1e6,40,0.1,lr_adapt_proxy,100,974680.8919976151,307143.1333164922,-642141.3511192359,0.99,0.01,4.0161556854627e-18,0.3151217345473966,2.3306714028563373e-17,ema_alpha_0.1,ema_alpha,True,0.1,0.25,0.08,1.03,0.9,0.1,10.0
ellipsoid_cond1e6,40,0.2,lr_adapt_proxy,100,974680.7746896397,307142.93845431315,-642141.4074437433,0.99,0.01,4.0161556854627e-18,0.31512157254985806,2.3306714028563373e-17,ema_alpha_0.1,ema_alpha,True,0.1,0.25,0.08,1.03,0.9,0.1,10.0
rastrigin,10,0.0,lr_adapt_proxy,100,32.88772565234917,20.269311424029908,-10.838874736352935,0.61,0.39,4.28395008190758e-05,0.616318429504476,5.71193344254344e-05,ema_alpha_0.1,ema_alpha,True,0.1,0.25,0.08,1.03,0.9,0.1,10.0
rastrigin,10,0.1,lr_adapt_proxy,100,27.86170059955571,21.52679943289454,-4.780942330669491,0.55,0.45,0.003433349985234561,0.7726304916663203,0.004262089636842903,ema_alpha_0.1,ema_alpha,True,0.1,0.25,0.08,1.03,0.9,0.1,10.0
rastrigin,10,0.2,lr_adapt_proxy,100,29.811595447831188,22.75484696639657,-7.449790220341461,0.58,0.42,0.014919221772847817,0.7632884662686512,0.01790306612741738,ema_alpha_0.1,ema_alpha,True,0.1,0.25,0.08,1.03,0.9,0.1,10.0
rastrigin,20,0.0,lr_adapt_proxy,100,147.32603598588292,106.56676813086926,-41.84351655399853,0.88,0.12,7.725188665215537e-14,0.7233396827501739,1.635922305575055e-13,ema_alpha_0.1,ema_alpha,True,0.1,0.25,0.08,1.03,0.9,0.1,10.0
rastrigin,20,0.1,lr_adapt_proxy,100,147.47632172389268,106.38742577636198,-37.08510181948441,0.92,0.08,4.880034421013085e-16,0.721386487896966,1.4640103263039256e-15,ema_alpha_0.1,ema_alpha,True,0.1,0.25,0.08,1.03,0.9,0.1,10.0
rastrigin,20,0.2,lr_adapt_proxy,100,145.7451324744635,107.92948280533088,-38.24332967310432,0.9,0.1,1.2003082792723794e-15,0.7405357624841541,3.3239306195235125e-15,ema_alpha_0.1,ema_alpha,True,0.1,0.25,0.08,1.03,0.9,0.1,10.0
rastrigin,40,0.0,lr_adapt_proxy,100,396.62080226754233,345.95186017768157,-36.88707543921706,0.84,0.16,1.6784884860821078e-12,0.8722483999826065,3.180293973629257e-12,ema_alpha_0.1,ema_alpha,True,0.1,0.25,0.08,1.03,0.9,0.1,10.0
rastrigin,40,0.1,lr_adapt_proxy,100,395.9868836951423,352.6978560411101,-40.522837547659606,0.73,0.27,7.40820924019081e-08,0.8906806527274801,1.269978726889853e-07,ema_alpha_0.1,ema_alpha,True,0.1,0.25,0.08,1.03,0.9,0.1,10.0
rastrigin,40,0.2,lr_adapt_proxy,100,398.0030655310753,343.9908151071879,-55.11668871246323,0.83,0.17,6.836767705041718e-13,0.8642918733507338,1.3673535410083436e-12,ema_alpha_0.1,ema_alpha,True,0.1,0.25,0.08,1.03,0.9,0.1,10.0
rosenbrock,10,0.0,lr_adapt_proxy,100,7.963584578782786,10.260394152118359,2.1040994470409755,0.21,0.79,9.188482757952546e-06,1.2884140364949366,1.378272413692882e-05,ema_alpha_0.1,ema_alpha,True,0.1,0.25,0.08,1.03,0.9,0.1,10.0
rosenbrock,10,0.1,lr_adapt_proxy,100,8.307753329260235,10.35271374440427,2.1182165319108384,0.22,0.78,8.619379881219636e-06,1.2461508345392975,1.349120329234378e-05,ema_alpha_0.1,ema_alpha,True,0.1,0.25,0.08,1.03,0.9,0.1,10.0
rosenbrock,10,0.2,lr_adapt_proxy,100,8.057731884500688,10.613584342597346,2.467010503122104,0.22,0.78,9.122692472649753e-05,1.3171925418631667,0.00011729176036263969,ema_alpha_0.1,ema_alpha,True,0.1,0.25,0.08,1.03,0.9,0.1,10.0
rosenbrock,20,0.0,lr_adapt_proxy,100,32.17534839079061,58.70613985503512,24.380612850228644,0.22,0.78,7.9552775476599e-06,1.8245688948573524,1.3017726896170743e-05,ema_alpha_0.1,ema_alpha,True,0.1,0.25,0.08,1.03,0.9,0.1,10.0
rosenbrock,20,0.1,lr_adapt_proxy,100,34.3542372111561,56.66899306710309,25.232411345932,0.24,0.76,1.2224267823489154e-05,1.6495488669648168,1.7602945665824384e-05,ema_alpha_0.1,ema_alpha,True,0.1,0.25,0.08,1.03,0.9,0.1,10.0
rosenbrock,20,0.2,lr_adapt_proxy,100,32.3738134768236,57.56591307004825,24.664843368439726,0.23,0.77,1.7511294892273265e-05,1.7781628695445368,2.4246408312378366e-05,ema_alpha_0.1,ema_alpha,True,0.1,0.25,0.08,1.03,0.9,0.1,10.0
rosenbrock,40,0.0,lr_adapt_proxy,100,588.945718635892,528.9196628491712,-19.4546917175945,0.57,0.43,0.15360733419330933,0.8980787976084582,0.167571637301792,ema_alpha_0.1,ema_alpha,True,0.1,0.25,0.08,1.03,0.9,0.1,10.0
rosenbrock,40,0.1,lr_adapt_proxy,100,608.2524167439151,519.9718157045913,-71.16685481668885,0.6,0.4,0.08129332564998845,0.8548618984337033,0.09440515236772852,ema_alpha_0.1,ema_alpha,True,0.1,0.25,0.08,1.03,0.9,0.1,10.0
rosenbrock,40,0.2,lr_adapt_proxy,100,579.9679281583306,535.1902882471586,-23.67914396758715,0.57,0.43,0.18218090371268514,0.9227929033018052,0.18218090371268514,ema_alpha_0.1,ema_alpha,True,0.1,0.25,0.08,1.03,0.9,0.1,10.0
sphere,10,0.0,lr_adapt_proxy,100,1.0582496805720369e-05,0.019077219274300537,0.019036233764374032,0.0,1.0,3.89655984509591e-18,1802.7143900471906,2.3306714028563373e-17,ema_alpha_0.1,ema_alpha,True,0.1,0.25,0.08,1.03,0.9,0.1,10.0
sphere,10,0.1,lr_adapt_proxy,100,-0.21794884339332712,-0.15480608252347372,0.06774037209474723,0.06,0.94,2.206954746622419e-17,0.7102863227592304,8.827818986489675e-17,ema_alpha_0.1,ema_alpha,True,0.1,0.25,0.08,1.03,0.9,0.1,10.0
sphere,10,0.2,lr_adapt_proxy,100,-0.4586406283900504,-0.39093613097228413,0.05709767018012016,0.2,0.8,6.912226627996223e-12,0.8523800700879316,1.2442007930393201e-11,ema_alpha_0.1,ema_alpha,True,0.1,0.25,0.08,1.03,0.9,0.1,10.0
sphere,20,0.0,lr_adapt_proxy,100,0.012083707862821896,0.3102474041300443,0.2942134035944009,0.0,1.0,3.89655984509591e-18,25.67485143236428,2.3306714028563373e-17,ema_alpha_0.1,ema_alpha,True,0.1,0.25,0.08,1.03,0.9,0.1,10.0
sphere,20,0.1,lr_adapt_proxy,100,-0.09197217458066785,0.22268155656389416,0.31188247977300854,0.0,1.0,3.89655984509591e-18,-2.421183989387817,2.3306714028563373e-17,ema_alpha_0.1,ema_alpha,True,0.1,0.25,0.08,1.03,0.9,0.1,10.0
sphere,20,0.2,lr_adapt_proxy,100,-0.23843736043551503,0.10819956678302717,0.31290389650669803,0.02,0.98,4.531861061109545e-18,-0.45378612892458,2.3306714028563373e-17,ema_alpha_0.1,ema_alpha,True,0.1,0.25,0.08,1.03,0.9,0.1,10.0
sphere,40,0.0,lr_adapt_proxy,100,1.6171826672837812,3.3920944442918417,1.6481411426683223,0.06,0.94,1.5932071996658114e-17,2.0975332675245655,7.169432398496152e-17,ema_alpha_0.1,ema_alpha,True,0.1,0.25,0.08,1.03,0.9,0.1,10.0
sphere,40,0.1,lr_adapt_proxy,100,1.5099065684665791,3.584094536650565,1.8918339592230933,0.07,0.93,1.1343790772756809e-16,2.3737194151625394,4.083764678192451e-16,ema_alpha_0.1,ema_alpha,True,0.1,0.25,0.08,1.03,0.9,0.1,10.0
sphere,40,0.2,lr_adapt_proxy,100,1.6930524834295937,3.461143719805353,1.5927147426859312,0.1,0.9,4.001557931101309e-16,2.044321575190723,1.3096007774513374e-15,ema_alpha_0.1,ema_alpha,True,0.1,0.25,0.08,1.03,0.9,0.1,10.0
ellipsoid_cond1e6,10,0.0,lr_adapt_proxy,100,1084.1895885976264,928.2961056804202,-136.55094654828457,0.53,0.47,0.060473513867824014,0.8562119720049601,0.06220132854976184,ema_alpha_0.4,ema_alpha,True,0.4,0.25,0.08,1.03,0.9,0.1,10.0
ellipsoid_cond1e6,10,0.1,lr_adapt_proxy,100,1084.1407318568422,914.88035513606,-136.30182931154525,0.53,0.47,0.050823326532977525,0.8438760100537089,0.05381293397609385,ema_alpha_0.4,ema_alpha,True,0.4,0.25,0.08,1.03,0.9,0.1,10.0
ellipsoid_cond1e6,10,0.2,lr_adapt_proxy,100,1084.574072559482,896.5915323480915,-147.47903908156098,0.53,0.47,0.046883429552031536,0.82667616259001,0.05114555951130713,ema_alpha_0.4,ema_alpha,True,0.4,0.25,0.08,1.03,0.9,0.1,10.0
ellipsoid_cond1e6,20,0.0,lr_adapt_proxy,100,71476.35575055666,30950.2657797871,-37636.004889952106,0.86,0.14,3.5371953550330525e-15,0.43301404296267665,1.0611586065099157e-14,ema_alpha_0.4,ema_alpha,True,0.4,0.25,0.08,1.03,0.9,0.1,10.0
ellipsoid_cond1e6,20,0.1,lr_adapt_proxy,100,71476.28190092588,30950.28291861729,-37636.24231374296,0.86,0.14,3.5371953550330525e-15,0.4330147301382834,1.0611586065099157e-14,ema_alpha_0.4,ema_alpha,True,0.4,0.25,0.08,1.03,0.9,0.1,10.0
ellipsoid_cond1e6,20,0.2,lr_adapt_proxy,100,71476.47036003675,30767.88707881979,-37635.76464390522,0.86,0.14,3.5371953550330525e-15,0.4304617578881237,1.0611586065099157e-14,ema_alpha_0.4,ema_alpha,True,0.4,0.25,0.08,1.03,0.9,0.1,10.0
ellipsoid_cond1e6,40,0.0,lr_adapt_proxy,100,974680.8769914254,269893.4105979571,-685157.4255146114,0.99,0.01,4.0161556854627e-18,0.2769043868297125,2.128820867338844e-17,ema_alpha_0.4,ema_alpha,True,0.4,0.25,0.08,1.03,0.9,0.1,10.0
ellipsoid_cond1e6,40,0.1,lr_adapt_proxy,100,974680.8919976151,269893.46276146785,-685157.5102807562,0.99,0.01,4.0161556854627e-18,0.27690443608504456,2.128820867338844e-17,ema_alpha_0.4,ema_alpha,True,0.4,0.25,0.08,1.03,0.9,0.1,10.0
ellipsoid_cond1e6,40,0.2,lr_adapt_proxy,100,974680.7746896397,269893.5566724271,-685157.6062280585,0.99,0.01,4.0161556854627e-18,0.27690456576243366,2.128820867338844e-17,ema_alpha_0.4,ema_alpha,True,0.4,0.25,0.08,1.03,0.9,0.1,10.0
rastrigin,10,0.0,lr_adapt_proxy,100,32.88772565234917,21.281054171936113,-8.668810375309114,0.62,0.38,4.3479279216686876e-05,0.6470819659861766,8.238179220003829e-05,ema_alpha_0.4,ema_alpha,True,0.4,0.25,0.08,1.03,0.9,0.1,10.0
rastrigin,10,0.1,lr_adapt_proxy,100,27.86170059955571,22.114692332631762,-2.8672020590164173,0.57,0.43,0.012073897894067659,0.793730887086785,0.014021300780207602,ema_alpha_0.4,ema_alpha,True,0.4,0.25,0.08,1.03,0.9,0.1,10.0
rastrigin,10,0.2,lr_adapt_proxy,100,29.811595447831188,21.91075241876755,-7.275887954622197,0.59,0.41,0.0017343431991457034,0.734974163228207,0.0022298698274730473,ema_alpha_0.4,ema_alpha,True,0.4,0.25,0.08,1.03,0.9,0.1,10.0
rastrigin,20,0.0,lr_adapt_proxy,100,147.32603598588292,111.58163004622057,-36.47332159618158,0.88,0.12,4.564456497586088e-13,0.7573788930078357,1.1737173850935655e-12,ema_alpha_0.4,ema_alpha,True,0.4,0.25,0.08,1.03,0.9,0.1,10.0
rastrigin,20,0.1,lr_adapt_proxy,100,147.47632172389268,108.17985914086535,-38.30588816800307,0.95,0.05,3.861843481183515e-17,0.7335405296004145,1.737829566532582e-16,ema_alpha_0.4,ema_alpha,True,0.4,0.25,0.08,1.03,0.9,0.1,10.0
rastrigin,20,0.2,lr_adapt_proxy,100,145.7451324744635,109.02695831927142,-35.197452760499104,0.89,0.11,2.5500003530567317e-14,0.7480658631146697,7.061539439234026e-14,ema_alpha_0.4,ema_alpha,True,0.4,0.25,0.08,1.03,0.9,0.1,10.0
rastrigin,40,0.0,lr_adapt_proxy,100,396.62080226754233,356.9837273330094,-44.375751282409254,0.73,0.27,1.6663533316051445e-09,0.9000630458414646,3.749294996111575e-09,ema_alpha_0.4,ema_alpha,True,0.4,0.25,0.08,1.03,0.9,0.1,10.0
rastrigin,40,0.1,lr_adapt_proxy,100,395.9868836951423,349.7199251369418,-35.750741089476776,0.78,0.22,1.6024900691043561e-10,0.883160376105235,3.845976165850455e-10,ema_alpha_0.4,ema_alpha,True,0.4,0.25,0.08,1.03,0.9,0.1,10.0
rastrigin,40,0.2,lr_adapt_proxy,100,398.0030655310753,367.22007190121866,-32.72400773821647,0.78,0.22,6.89027241046785e-09,0.9226563906265863,1.4591165104520153e-08,ema_alpha_0.4,ema_alpha,True,0.4,0.25,0.08,1.03,0.9,0.1,10.0
rosenbrock,10,0.0,lr_adapt_proxy,100,7.963584578782786,10.154520090946086,2.0613351799585686,0.24,0.76,8.021440667889499e-05,1.275119261996735,0.00013751041144953425,ema_alpha_0.4,ema_alpha,True,0.4,0.25,0.08,1.03,0.9,0.1,10.0
rosenbrock,10,0.1,lr_adapt_proxy,100,8.307753329260235,10.542683352464874,2.064163361941649,0.25,0.75,0.0002159076122813839,1.2690173786615844,0.0003379423496578183,ema_alpha_0.4,ema_alpha,True,0.4,0.25,0.08,1.03,0.9,0.1,10.0
rosenbrock,10,0.2,lr_adapt_proxy,100,8.057731884500688,10.259843147645725,1.9771499361480895,0.24,0.76,8.021440667889499e-05,1.2732917022693284,0.00013751041144953425,ema_alpha_0.4,ema_alpha,True,0.4,0.25,0.08,1.03,0.9,0.1,10.0
rosenbrock,20,0.0,lr_adapt_proxy,100,32.17534839079061,65.7553497541861,25.494636812577344,0.29,0.71,0.00035837215484588663,2.043656185336191,0.00053755823226883,ema_alpha_0.4,ema_alpha,True,0.4,0.25,0.08,1.03,0.9,0.1,10.0
rosenbrock,20,0.1,lr_adapt_proxy,100,34.3542372111561,61.937829631709775,24.420079975132296,0.31,0.69,0.0010124697245583302,1.8029167479694836,0.0014018811570807648,ema_alpha_0.4,ema_alpha,True,0.4,0.25,0.08,1.03,0.9,0.1,10.0
rosenbrock,20,0.2,lr_adapt_proxy,100,32.3738134768236,59.53799446483507,24.524134957565025,0.29,0.71,0.0005422759138800562,1.8390788131110443,0.000780877315987281,ema_alpha_0.4,ema_alpha,True,0.4,0.25,0.08,1.03,0.9,0.1,10.0
rosenbrock,40,0.0,lr_adapt_proxy,100,588.945718635892,485.72903425178094,-72.7762161762061,0.6,0.4,0.002162291575214179,0.8247432978659219,0.002684224024403808,ema_alpha_0.4,ema_alpha,True,0.4,0.25,0.08,1.03,0.9,0.1,10.0
rosenbrock,40,0.1,lr_adapt_proxy,100,608.2524167439151,492.99360441269835,-70.28036805208706,0.62,0.38,0.0012440340007009926,0.8105082542076562,0.0016587120009346568,ema_alpha_0.4,ema_alpha,True,0.4,0.25,0.08,1.03,0.9,0.1,10.0
rosenbrock,40,0.2,lr_adapt_proxy,100,579.9679281583306,483.3144366819572,-68.18912362872152,0.59,0.41,0.0029710961771372605,0.8333468338787399,0.0035653154125647123,ema_alpha_0.4,ema_alpha,True,0.4,0.25,0.08,1.03,0.9,0.1,10.0
sphere,10,0.0,lr_adapt_proxy,100,1.0582496805720369e-05,0.01989114417816117,0.019867949883935865,0.0,1.0,3.89655984509591e-18,1879.6267594816577,2.128820867338844e-17,ema_alpha_0.4,ema_alpha,True,0.4,0.25,0.08,1.03,0.9,0.1,10.0
sphere,10,0.1,lr_adapt_proxy,100,-0.21794884339332712,-0.16357209132271278,0.059642090508732745,0.09,0.91,1.9809780081603547e-15,0.7505068105707636,7.923912032641419e-15,ema_alpha_0.4,ema_alpha,True,0.4,0.25,0.08,1.03,0.9,0.1,10.0
sphere,10,0.2,lr_adapt_proxy,100,-0.4586406283900504,-0.3924328697977799,0.042742899518354666,0.24,0.76,1.9293162111910322e-08,0.8556434940692517,3.8586324223820644e-08,ema_alpha_0.4,ema_alpha,True,0.4,0.25,0.08,1.03,0.9,0.1,10.0
sphere,20,0.0,lr_adapt_proxy,100,0.012083707862821896,0.28706173632559984,0.2714159062322197,0.0,1.0,3.89655984509591e-18,23.75609701793656,2.128820867338844e-17,ema_alpha_0.4,ema_alpha,True,0.4,0.25,0.08,1.03,0.9,0.1,10.0
sphere,20,0.1,lr_adapt_proxy,100,-0.09197217458066785,0.21360530665713415,0.299238698479489,0.0,1.0,3.89655984509591e-18,-2.3224992518773506,2.128820867338844e-17,ema_alpha_0.4,ema_alpha,True,0.4,0.25,0.08,1.03,0.9,0.1,10.0
sphere,20,0.2,lr_adapt_proxy,100,-0.23843736043551503,0.0959290583466908,0.3150255223194226,0.01,0.99,4.139373908714419e-18,-0.4023239402225921,2.128820867338844e-17,ema_alpha_0.4,ema_alpha,True,0.4,0.25,0.08,1.03,0.9,0.1,10.0
sphere,40,0.0,lr_adapt_proxy,100,1.6171826672837812,1.8557973032470667,0.18234221565598197,0.38,0.62,0.031638123676933194,1.147549587805107,0.03559288913654984,ema_alpha_0.4,ema_alpha,True,0.4,0.25,0.08,1.03,0.9,0.1,10.0
sphere,40,0.1,lr_adapt_proxy,100,1.5099065684665791,1.9234869076020833,0.24566719145776073,0.33,0.67,0.00019631968285300282,1.2739112126358423,0.0003212503901230955,ema_alpha_0.4,ema_alpha,True,0.4,0.25,0.08,1.03,0.9,0.1,10.0
sphere,40,0.2,lr_adapt_proxy,100,1.6930524834295937,1.8943340869446152,0.25736052875409676,0.38,0.62,0.11531352011465916,1.1188868068090176,0.11531352011465916,ema_alpha_0.4,ema_alpha,True,0.4,0.25,0.08,1.03,0.9,0.1,10.0
ellipsoid_cond1e6,10,0.0,lr_adapt_proxy,100,1084.1895885976264,846.4251158070215,-219.80116359928564,0.6,0.4,0.02752671948749582,0.7806984356876664,0.030029148531813623,thresholds_0.05_0.2,snr_thresholds,True,0.2,0.2,0.05,1.03,0.9,0.1,10.0
ellipsoid_cond1e6,10,0.1,lr_adapt_proxy,100,1084.1407318568422,848.6488886190434,-178.2123662487977,0.59,0.41,0.02728580881642492,0.7827848024541385,0.030029148531813623,thresholds_0.05_0.2,snr_thresholds,True,0.2,0.2,0.05,1.03,0.9,0.1,10.0
ellipsoid_cond1e6,10,0.2,lr_adapt_proxy,100,1084.574072559482,846.5980691297812,-219.66555272667932,0.6,0.4,0.02182713389157079,0.7805811429106893,0.025347639357953176,thresholds_0.05_0.2,snr_thresholds,True,0.2,0.2,0.05,1.03,0.9,0.1,10.0
ellipsoid_cond1e6,20,0.0,lr_adapt_proxy,100,71476.35575055666,39494.27239715819,-24640.914469503157,0.81,0.19,1.168102718013577e-10,0.5525501682680655,2.002461802308989e-10,thresholds_0.05_0.2,snr_thresholds,True,0.2,0.2,0.05,1.03,0.9,0.1,10.0
ellipsoid_cond1e6,20,0.1,lr_adapt_proxy,100,71476.28190092588,39494.37976763026,-24641.080866727294,0.81,0.19,1.168102718013577e-10,0.5525522413487299,2.002461802308989e-10,thresholds_0.05_0.2,snr_thresholds,True,0.2,0.2,0.05,1.03,0.9,0.1,10.0
ellipsoid_cond1e6,20,0.2,lr_adapt_proxy,100,71476.47036003675,39494.43385029478,-24641.09929800375,0.81,0.19,1.168102718013577e-10,0.5525515411065476,2.002461802308989e-10,thresholds_0.05_0.2,snr_thresholds,True,0.2,0.2,0.05,1.03,0.9,0.1,10.0
ellipsoid_cond1e6,40,0.0,lr_adapt_proxy,100,974680.8769914254,323487.17880453216,-551153.3830670624,0.98,0.02,4.813701823147399e-18,0.33189035143794865,2.07619330169417e-17,thresholds_0.05_0.2,snr_thresholds,True,0.2,0.2,0.05,1.03,0.9,0.1,10.0
ellipsoid_cond1e6,40,0.1,lr_adapt_proxy,100,974680.8919976151,325259.3843766071,-551153.2331570896,0.98,0.02,4.813701823147399e-18,0.3337085881615939,2.07619330169417e-17,thresholds_0.05_0.2,snr_thresholds,True,0.2,0.2,0.05,1.03,0.9,0.1,10.0
ellipsoid_cond1e6,40,0.2,lr_adapt_proxy,100,974680.7746896397,323487.27981906745,-551153.3554726643,0.98,0.02,4.813701823147399e-18,0.33189048991150266,2.07619330169417e-17,thresholds_0.05_0.2,snr_thresholds,True,0.2,0.2,0.05,1.03,0.9,0.1,10.0
rastrigin,10,0.0,lr_adapt_proxy,100,32.88772565234917,21.602702232817165,-8.237962584284233,0.64,0.36,5.920343957171331e-05,0.6568621515873685,7.893791942895107e-05,thresholds_0.05_0.2,snr_thresholds,True,0.2,0.2,0.05,1.03,0.9,0.1,10.0
rastrigin,10,0.1,lr_adapt_proxy,100,27.86170059955571,20.53720341110973,-5.4912589453840095,0.58,0.42,0.0011295649688403883,0.7371123430792025,0.001355477962608466,thresholds_0.05_0.2,snr_thresholds,True,0.2,0.2,0.05,1.03,0.9,0.1,10.0
rastrigin,10,0.2,lr_adapt_proxy,100,29.811595447831188,21.336575785524023,-8.608311320053028,0.6,0.4,8.021440667889499e-05,0.7157139852800556,0.0001031328085871507,thresholds_0.05_0.2,snr_thresholds,True,0.2,0.2,0.05,1.03,0.9,0.1,10.0
rastrigin,20,0.0,lr_adapt_proxy,100,147.32603598588292,108.05664023906002,-36.805231234396224,0.93,0.07,5.46468449914885e-16,0.7334524377579413,1.4052045854954186e-15,thresholds_0.05_0.2,snr_thresholds,True,0.2,0.2,0.05,1.03,0.9,0.1,10.0
rastrigin,20,0.1,lr_adapt_proxy,100,147.47632172389268,108.77626852920667,-39.512046119210815,0.93,0.07,5.4868943266813393e-17,0.7375846322832704,1.7957108705502563e-16,thresholds_0.05_0.2,snr_thresholds,True,0.2,0.2,0.05,1.03,0.9,0.1,10.0
rastrigin,20,0.2,lr_adapt_proxy,100,145.7451324744635,106.39488910906366,-37.159557065234345,0.94,0.06,2.5367819502505057e-16,0.730006466100715,7.024934631462939e-16,thresholds_0.05_0.2,snr_thresholds,True,0.2,0.2,0.05,1.03,0.9,0.1,10.0
rastrigin,40,0.0,lr_adapt_proxy,100,396.62080226754233,348.515362561611,-45.05005490446197,0.86,0.14,8.355098643729849e-14,0.8787117583573401,1.879897194839216e-13,thresholds_0.05_0.2,snr_thresholds,True,0.2,0.2,0.05,1.03,0.9,0.1,10.0
rastrigin,40,0.1,lr_adapt_proxy,100,395.9868836951423,340.39078481449366,-47.02589210713549,0.88,0.12,4.405428848631553e-15,0.8596011606196272,1.0573029236715727e-14,thresholds_0.05_0.2,snr_thresholds,True,0.2,0.2,0.05,1.03,0.9,0.1,10.0
rastrigin,40,0.2,lr_adapt_proxy,100,398.0030655310753,349.0563087134219,-45.95139083398533,0.84,0.16,1.0841721534159527e-13,0.8770191461908935,2.2958939719396647e-13,thresholds_0.05_0.2,snr_thresholds,True,0.2,0.2,0.05,1.03,0.9,0.1,10.0
rosenbrock,10,0.0,lr_adapt_proxy,100,7.963584578782786,10.31758541810059,2.1964360669214793,0.21,0.79,1.533820468952071e-06,1.295595634858895,2.5098880401033885e-06,thresholds_0.05_0.2,snr_thresholds,True,0.2,0.2,0.05,1.03,0.9,0.1,10.0
rosenbrock,10,0.1,lr_adapt_proxy,100,8.307753329260235,10.32288385836966,2.0283081764754396,0.27,0.73,4.6816449612378246e-05,1.2425602264828997,6.482277638636988e-05,thresholds_0.05_0.2,snr_thresholds,True,0.2,0.2,0.05,1.03,0.9,0.1,10.0
rosenbrock,10,0.2,lr_adapt_proxy,100,8.057731884500688,10.466845186349063,2.4426325060172243,0.22,0.78,9.520475071229453e-05,1.2989815665723978,0.0001181852077807794,thresholds_0.05_0.2,snr_thresholds,True,0.2,0.2,0.05,1.03,0.9,0.1,10.0
rosenbrock,20,0.0,lr_adapt_proxy,100,32.17534839079061,83.61189536068112,32.556721845226186,0.22,0.78,6.662170105826981e-06,2.5986321684899902,1.0427744513468319e-05,thresholds_0.05_0.2,snr_thresholds,True,0.2,0.2,0.05,1.03,0.9,0.1,10.0
rosenbrock,20,0.1,lr_adapt_proxy,100,34.3542372111561,79.81908903043585,34.28763515882389,0.21,0.79,7.107210868496024e-06,2.3234132238137897,1.0660816302744036e-05,thresholds_0.05_0.2,snr_thresholds,True,0.2,0.2,0.05,1.03,0.9,0.1,10.0
rosenbrock,20,0.2,lr_adapt_proxy,100,32.3738134768236,70.27334699831047,32.18060425752515,0.23,0.77,9.486327484996237e-06,2.1706848669100762,1.3660311578394582e-05,thresholds_0.05_0.2,snr_thresholds,True,0.2,0.2,0.05,1.03,0.9,0.1,10.0
rosenbrock,40,0.0,lr_adapt_proxy,100,588.945718635892,625.7527584394684,-16.130232945885552,0.51,0.49,0.8365569764052994,1.0624964893009636,0.8604586043025937,thresholds_0.05_0.2,snr_thresholds,True,0.2,0.2,0.05,1.03,0.9,0.1,10.0
rosenbrock,40,0.1,lr_adapt_proxy,100,608.2524167439151,632.2050901757898,-5.783210414965396,0.5,0.5,0.7938513827119553,1.0393794957036055,0.8405485228714821,thresholds_0.05_0.2,snr_thresholds,True,0.2,0.2,0.05,1.03,0.9,0.1,10.0
rosenbrock,40,0.2,lr_adapt_proxy,100,579.9679281583306,632.5678184337905,2.689001869839501,0.49,0.51,0.8906095152877423,1.0906944810594772,0.8906095152877423,thresholds_0.05_0.2,snr_thresholds,True,0.2,0.2,0.05,1.03,0.9,0.1,10.0
sphere,10,0.0,lr_adapt_proxy,100,1.0582496805720369e-05,0.018608723034705565,0.018551687556976414,0.0,1.0,3.89655984509591e-18,1758.4435295691865,2.07619330169417e-17,thresholds_0.05_0.2,snr_thresholds,True,0.2,0.2,0.05,1.03,0.9,0.1,10.0
sphere,10,0.1,lr_adapt_proxy,100,-0.21794884339332712,-0.1632892297708437,0.053071591357444214,0.09,0.91,1.2733079538420982e-16,0.7492089759621229,3.8199238615262945e-16,thresholds_0.05_0.2,snr_thresholds,True,0.2,0.2,0.05,1.03,0.9,0.1,10.0
sphere,10,0.2,lr_adapt_proxy,100,-0.4586406283900504,-0.37618519790469085,0.05790653240922877,0.2,0.8,4.260963777218883e-11,0.8202177797139345,8.521927554437766e-11,thresholds_0.05_0.2,snr_thresholds,True,0.2,0.2,0.05,1.03,0.9,0.1,10.0
sphere,20,0.0,lr_adapt_proxy,100,0.012083707862821896,0.3012267753308918,0.2884107481877447,0.0,1.0,3.89655984509591e-18,24.928339773727913,2.07619330169417e-17,thresholds_0.05_0.2,snr_thresholds,True,0.2,0.2,0.05,1.03,0.9,0.1,10.0
sphere,20,0.1,lr_adapt_proxy,100,-0.09197217458066785,0.24428615999991748,0.3223847571294063,0.0,1.0,3.89655984509591e-18,-2.656087682102771,2.07619330169417e-17,thresholds_0.05_0.2,snr_thresholds,True,0.2,0.2,0.05,1.03,0.9,0.1,10.0
sphere,20,0.2,lr_adapt_proxy,100,-0.23843736043551503,0.11733152275850586,0.31678830203747876,0.02,0.98,5.7672036158171394e-18,-0.49208531139665074,2.07619330169417e-17,thresholds_0.05_0.2,snr_thresholds,True,0.2,0.2,0.05,1.03,0.9,0.1,10.0
sphere,40,0.0,lr_adapt_proxy,100,1.6171826672837812,4.560539071685209,2.7153780178290314,0.02,0.98,4.813701823147399e-18,2.8200519112321967,2.07619330169417e-17,thresholds_0.05_0.2,snr_thresholds,True,0.2,0.2,0.05,1.03,0.9,0.1,10.0
sphere,40,0.1,lr_adapt_proxy,100,1.5099065684665791,4.144119663710262,2.5758369165619577,0.01,0.99,4.0161556854627e-18,2.744619932290856,2.07619330169417e-17,thresholds_0.05_0.2,snr_thresholds,True,0.2,0.2,0.05,1.03,0.9,0.1,10.0
sphere,40,0.2,lr_adapt_proxy,100,1.6930524834295937,4.560106479809493,2.6318193675052095,0.04,0.96,5.5962479014680366e-18,2.693422988620026,2.07619330169417e-17,thresholds_0.05_0.2,snr_thresholds,True,0.2,0.2,0.05,1.03,0.9,0.1,10.0
ellipsoid_cond1e6,10,0.0,lr_adapt_proxy,100,1084.1895885976264,865.3749342921594,-236.9923905360337,0.57,0.43,0.03782480488800565,0.7981767611433176,0.038464374241245325,thresholds_0.12_0.3,snr_thresholds,True,0.2,0.3,0.12,1.03,0.9,0.1,10.0
ellipsoid_cond1e6,10,0.1,lr_adapt_proxy,100,1084.1407318568422,881.8041621561872,-237.04027606327466,0.57,0.43,0.038464374241245325,0.8133668777907581,0.038464374241245325,thresholds_0.12_0.3,snr_thresholds,True,0.2,0.3,0.12,1.03,0.9,0.1,10.0
ellipsoid_cond1e6,10,0.2,lr_adapt_proxy,100,1084.574072559482,865.3030229056739,-237.14920232893888,0.57,0.43,0.038464374241245325,0.7978275018723698,0.038464374241245325,thresholds_0.12_0.3,snr_thresholds,True,0.2,0.3,0.12,1.03,0.9,0.1,10.0
ellipsoid_cond1e6,20,0.0,lr_adapt_proxy,100,71476.35575055666,28250.607057048277,-45232.73534115654,0.91,0.09,3.471444579736631e-16,0.39524408820784435,1.0414333739209894e-15,thresholds_0.12_0.3,snr_thresholds,True,0.2,0.3,0.12,1.03,0.9,0.1,10.0
ellipsoid_cond1e6,20,0.1,lr_adapt_proxy,100,71476.28190092588,28250.591219903978,-45232.658607956524,0.91,0.09,3.471444579736631e-16,0.3952442750038741,1.0414333739209894e-15,thresholds_0.12_0.3,snr_thresholds,True,0.2,0.3,0.12,1.03,0.9,0.1,10.0
ellipsoid_cond1e6,20,0.2,lr_adapt_proxy,100,71476.47036003675,28250.639050334503,-45232.3527741946,0.91,0.09,3.471444579736631e-16,0.3952439020566093,1.0414333739209894e-15,thresholds_0.12_0.3,snr_thresholds,True,0.2,0.3,0.12,1.03,0.9,0.1,10.0
ellipsoid_cond1e6,40,0.0,lr_adapt_proxy,100,974680.8769914254,259285.24341954058,-651541.3415637426,0.99,0.01,4.139373908714419e-18,0.26602065305711503,2.4836243452286515e-17,thresholds_0.12_0.3,snr_thresholds,True,0.2,0.3,0.12,1.03,0.9,0.1,10.0
ellipsoid_cond1e6,40,0.1,lr_adapt_proxy,100,974680.8919976151,259285.2791758844,-651541.2004304789,0.99,0.01,4.139373908714419e-18,0.26602068564664016,2.4836243452286515e-17,thresholds_0.12_0.3,snr_thresholds,True,0.2,0.3,0.12,1.03,0.9,0.1,10.0
ellipsoid_cond1e6,40,0.2,lr_adapt_proxy,100,974680.7746896397,259285.38436617499,-651541.2771544297,0.99,0.01,4.139373908714419e-18,0.2660208255864463,2.4836243452286515e-17,thresholds_0.12_0.3,snr_thresholds,True,0.2,0.3,0.12,1.03,0.9,0.1,10.0
rastrigin,10,0.0,lr_adapt_proxy,100,32.88772565234917,23.10818860447622,-5.0821266381228085,0.57,0.43,0.001926280773596183,0.7026386941057933,0.002167065870295706,thresholds_0.12_0.3,snr_thresholds,True,0.2,0.3,0.12,1.03,0.9,0.1,10.0
rastrigin,10,0.1,lr_adapt_proxy,100,27.86170059955571,22.078108047155368,-5.416632573323979,0.6,0.4,0.011056056267101239,0.7924178198766313,0.01206115229138317,thresholds_0.12_0.3,snr_thresholds,True,0.2,0.3,0.12,1.03,0.9,0.1,10.0
rastrigin,10,0.2,lr_adapt_proxy,100,29.811595447831188,20.414499794321344,-5.207128102817789,0.62,0.38,0.000884629047335785,0.684783873108895,0.0010615548568029419,thresholds_0.12_0.3,snr_thresholds,True,0.2,0.3,0.12,1.03,0.9,0.1,10.0
rastrigin,20,0.0,lr_adapt_proxy,100,147.32603598588292,107.43078554403166,-34.85642096743687,0.9,0.1,3.2570704571844113e-15,0.7292043448065479,9.019579727587601e-15,thresholds_0.12_0.3,snr_thresholds,True,0.2,0.3,0.12,1.03,0.9,0.1,10.0
rastrigin,20,0.1,lr_adapt_proxy,100,147.47632172389268,107.59656227536695,-35.24193784117196,0.92,0.08,4.881616873189426e-17,0.7295853396507326,2.1967275929352418e-16,thresholds_0.12_0.3,snr_thresholds,True,0.2,0.3,0.12,1.03,0.9,0.1,10.0
rastrigin,20,0.2,lr_adapt_proxy,100,145.7451324744635,112.33555850427533,-30.865586633693134,0.88,0.12,2.6188160136777396e-14,0.7707671371046166,6.734098320885616e-14,thresholds_0.12_0.3,snr_thresholds,True,0.2,0.3,0.12,1.03,0.9,0.1,10.0
rastrigin,40,0.0,lr_adapt_proxy,100,396.62080226754233,357.07910313676456,-41.62593942989582,0.74,0.26,4.4045347744048177e-08,0.9003035168485571,9.32725011050432e-08,thresholds_0.12_0.3,snr_thresholds,True,0.2,0.3,0.12,1.03,0.9,0.1,10.0
rastrigin,40,0.1,lr_adapt_proxy,100,395.9868836951423,367.0149593755979,-32.65494177329418,0.71,0.29,9.110989609422746e-07,0.926836151618979,1.426067938866169e-06,thresholds_0.12_0.3,snr_thresholds,True,0.2,0.3,0.12,1.03,0.9,0.1,10.0
rastrigin,40,0.2,lr_adapt_proxy,100,398.0030655310753,360.2359042573851,-38.33834855861099,0.74,0.26,1.331981564680161e-07,0.9051083658782988,2.663963129360322e-07,thresholds_0.12_0.3,snr_thresholds,True,0.2,0.3,0.12,1.03,0.9,0.1,10.0
rosenbrock,10,0.0,lr_adapt_proxy,100,7.963584578782786,10.251268830656372,2.4428395752536707,0.21,0.79,2.1951641838470253e-06,1.2872681553440917,3.292746275770538e-06,thresholds_0.12_0.3,snr_thresholds,True,0.2,0.3,0.12,1.03,0.9,0.1,10.0
rosenbrock,10,0.1,lr_adapt_proxy,100,8.307753329260235,10.350185276303755,2.0633976855215788,0.19,0.81,5.753156267057693e-07,1.24584648413308,9.86255360067033e-07,thresholds_0.12_0.3,snr_thresholds,True,0.2,0.3,0.12,1.03,0.9,0.1,10.0
rosenbrock,10,0.2,lr_adapt_proxy,100,8.057731884500688,10.15726669198882,1.9507592216822758,0.24,0.76,0.0001784108385578608,1.2605615125425873,0.00022147552372699962,thresholds_0.12_0.3,snr_thresholds,True,0.2,0.3,0.12,1.03,0.9,0.1,10.0
rosenbrock,20,0.0,lr_adapt_proxy,100,32.17534839079061,66.95756626735181,31.113648630684896,0.22,0.78,4.730222391025182e-06,2.081020707347391,6.811520243076262e-06,thresholds_0.12_0.3,snr_thresholds,True,0.2,0.3,0.12,1.03,0.9,0.1,10.0
rosenbrock,20,0.1,lr_adapt_proxy,100,34.3542372111561,70.34003086185663,29.725567199522594,0.21,0.79,6.044250133396019e-06,2.04749214571455,8.368961723163719e-06,thresholds_0.12_0.3,snr_thresholds,True,0.2,0.3,0.12,1.03,0.9,0.1,10.0
rosenbrock,20,0.2,lr_adapt_proxy,100,32.3738134768236,63.79573910955717,28.85301894505034,0.22,0.78,6.3460177878356015e-06,1.9705969812678545,8.461357050447469e-06,thresholds_0.12_0.3,snr_thresholds,True,0.2,0.3,0.12,1.03,0.9,0.1,10.0
rosenbrock,40,0.0,lr_adapt_proxy,100,588.945718635892,430.53539902369505,-140.37550744163238,0.72,0.28,6.177907946404897e-07,0.7310273008196667,1.010930391229892e-06,thresholds_0.12_0.3,snr_thresholds,True,0.2,0.3,0.12,1.03,0.9,0.1,10.0
rosenbrock,40,0.1,lr_adapt_proxy,100,608.2524167439151,436.5687263022543,-150.36008296894352,0.73,0.27,5.651450648832188e-07,0.7177426908376056,9.86255360067033e-07,thresholds_0.12_0.3,snr_thresholds,True,0.2,0.3,0.12,1.03,0.9,0.1,10.0
rosenbrock,40,0.2,lr_adapt_proxy,100,579.9679281583306,420.63362546218576,-159.2126006520925,0.71,0.29,4.725246164325417e-07,0.7252704934872766,8.953097995563948e-07,thresholds_0.12_0.3,snr_thresholds,True,0.2,0.3,0.12,1.03,0.9,0.1,10.0
sphere,10,0.0,lr_adapt_proxy,100,1.0582496805720369e-05,0.01914352847165102,0.01913668651199716,0.0,1.0,3.89655984509591e-18,1808.9803212889217,2.4836243452286515e-17,thresholds_0.12_0.3,snr_thresholds,True,0.2,0.3,0.12,1.03,0.9,0.1,10.0
sphere,10,0.1,lr_adapt_proxy,100,-0.21794884339332712,-0.16648257841661168,0.0634526126861243,0.12,0.88,2.1986655925914448e-16,0.7638608024919156,8.794662370365779e-16,thresholds_0.12_0.3,snr_thresholds,True,0.2,0.3,0.12,1.03,0.9,0.1,10.0
sphere,10,0.2,lr_adapt_proxy,100,-0.4586406283900504,-0.3874576303493446,0.053245680026710596,0.22,0.78,1.7021609690509302e-09,0.8447956992153598,4.085186325722232e-09,thresholds_0.12_0.3,snr_thresholds,True,0.2,0.3,0.12,1.03,0.9,0.1,10.0
sphere,20,0.0,lr_adapt_proxy,100,0.012083707862821896,0.2919582482343712,0.2789864639337736,0.0,1.0,3.89655984509591e-18,24.161313029806276,2.4836243452286515e-17,thresholds_0.12_0.3,snr_thresholds,True,0.2,0.3,0.12,1.03,0.9,0.1,10.0
sphere,20,0.1,lr_adapt_proxy,100,-0.09197217458066785,0.21838378513841666,0.3011196807156031,0.0,1.0,3.89655984509591e-18,-2.374454949381179,2.4836243452286515e-17,thresholds_0.12_0.3,snr_thresholds,True,0.2,0.3,0.12,1.03,0.9,0.1,10.0
sphere,20,0.2,lr_adapt_proxy,100,-0.23843736043551503,0.06636557490509454,0.28761446517458145,0.03,0.97,9.893009181510365e-18,-0.2783354705146679,5.0878332933481876e-17,thresholds_0.12_0.3,snr_thresholds,True,0.2,0.3,0.12,1.03,0.9,0.1,10.0
sphere,40,0.0,lr_adapt_proxy,100,1.6171826672837812,2.0219481188356543,0.40714471531444585,0.3,0.7,2.3458679729382573e-05,1.250290495774183,3.016115965206331e-05,thresholds_0.12_0.3,snr_thresholds,True,0.2,0.3,0.12,1.03,0.9,0.1,10.0
sphere,40,0.1,lr_adapt_proxy,100,1.5099065684665791,2.187307395068538,0.5177330766215456,0.27,0.73,1.4296625675252328e-08,1.4486375784760703,3.216740776931774e-08,thresholds_0.12_0.3,snr_thresholds,True,0.2,0.3,0.12,1.03,0.9,0.1,10.0
sphere,40,0.2,lr_adapt_proxy,100,1.6930524834295937,2.0141397354539636,0.2799354570395953,0.3,0.7,0.0009179235476966766,1.1896499105414309,0.0010659757328090437,thresholds_0.12_0.3,snr_thresholds,True,0.2,0.3,0.12,1.03,0.9,0.1,10.0
ellipsoid_cond1e6,10,0.0,lr_adapt_proxy,100,1084.1895885976264,875.2713154310711,-144.0774139734155,0.54,0.46,0.09005756221599327,0.8073046675934362,0.09263063542216451,sigma_factors_0.85_1.05,sigma_factors,True,0.2,0.25,0.08,1.05,0.85,0.1,10.0
ellipsoid_cond1e6,10,0.1,lr_adapt_proxy,100,1084.1407318568422,861.5233224997992,-151.5469840963151,0.54,0.46,0.07434398189444386,0.7946600447565888,0.07871715729999938,sigma_factors_0.85_1.05,sigma_factors,True,0.2,0.25,0.08,1.05,0.85,0.1,10.0
ellipsoid_cond1e6,10,0.2,lr_adapt_proxy,100,1084.574072559482,875.2786368468226,-133.5057847629446,0.53,0.47,0.11295094131626203,0.8070252267613738,0.11295094131626203,sigma_factors_0.85_1.05,sigma_factors,True,0.2,0.25,0.08,1.05,0.85,0.1,10.0
ellipsoid_cond1e6,20,0.0,lr_adapt_proxy,100,71476.35575055666,33592.62392880337,-38479.65219655993,0.88,0.12,5.051315799672731e-15,0.46998232598815376,1.1365460549263645e-14,sigma_factors_0.85_1.05,sigma_factors,True,0.2,0.25,0.08,1.05,0.85,0.1,10.0
ellipsoid_cond1e6,20,0.1,lr_adapt_proxy,100,71476.28190092588,33592.67924032036,-38479.86479571034,0.88,0.12,5.051315799672731e-15,0.46998358542045554,1.1365460549263645e-14,sigma_factors_0.85_1.05,sigma_factors,True,0.2,0.25,0.08,1.05,0.85,0.1,10.0
ellipsoid_cond1e6,20,0.2,lr_adapt_proxy,100,71476.47036003675,33592.91243214233,-38479.38856077158,0.88,0.12,5.051315799672731e-15,0.4699856087315202,1.1365460549263645e-14,sigma_factors_0.85_1.05,sigma_factors,True,0.2,0.25,0.08,1.05,0.85,0.1,10.0
ellipsoid_cond1e6,40,0.0,lr_adapt_proxy,100,974680.8769914254,283217.9406993096,-628328.502487873,1.0,0.0,3.89655984509591e-18,0.2905750460330424,2.2613726850078315e-17,sigma_factors_0.85_1.05,sigma_factors,True,0.2,0.25,0.08,1.05,0.85,0.1,10.0
ellipsoid_cond1e6,40,0.1,lr_adapt_proxy,100,974680.8919976151,283217.9809194537,-628328.4505828127,1.0,0.0,3.89655984509591e-18,0.2905750828242837,2.2613726850078315e-17,sigma_factors_0.85_1.05,sigma_factors,True,0.2,0.25,0.08,1.05,0.85,0.1,10.0
ellipsoid_cond1e6,40,0.2,lr_adapt_proxy,100,974680.7746896397,283217.97586806625,-628328.4918592453,1.0,0.0,3.89655984509591e-18,0.29057511261392144,2.2613726850078315e-17,sigma_factors_0.85_1.05,sigma_factors,True,0.2,0.25,0.08,1.05,0.85,0.1,10.0
rastrigin,10,0.0,lr_adapt_proxy,100,32.88772565234917,22.000389045813336,-3.5668149495028736,0.57,0.43,0.0028089750559873055,0.6689544080480326,0.003611539357697964,sigma_factors_0.85_1.05,sigma_factors,True,0.2,0.25,0.08,1.05,0.85,0.1,10.0
rastrigin,10,0.1,lr_adapt_proxy,100,27.86170059955571,22.725882103869196,-5.1539125206503895,0.56,0.44,0.03136654424402608,0.8156674436531555,0.036425664283385124,sigma_factors_0.85_1.05,sigma_factors,True,0.2,0.25,0.08,1.05,0.85,0.1,10.0
rastrigin,10,0.2,lr_adapt_proxy,100,29.811595447831188,22.572425157584938,-3.133542314829816,0.54,0.46,0.021048355887367972,0.7571693100788772,0.025258027064841565,sigma_factors_0.85_1.05,sigma_factors,True,0.2,0.25,0.08,1.05,0.85,0.1,10.0
rastrigin,20,0.0,lr_adapt_proxy,100,147.32603598588292,106.77194276471712,-41.74079677533978,0.88,0.12,8.355098643729849e-14,0.7247323397403309,1.7693150069074975e-13,sigma_factors_0.85_1.05,sigma_factors,True,0.2,0.25,0.08,1.05,0.85,0.1,10.0
rastrigin,20,0.1,lr_adapt_proxy,100,147.47632172389268,104.58851993918377,-39.62194806564261,0.91,0.09,5.782369267221539e-16,0.7091885579774353,1.7347107801664619e-15,sigma_factors_0.85_1.05,sigma_factors,True,0.2,0.25,0.08,1.05,0.85,0.1,10.0
rastrigin,20,0.2,lr_adapt_proxy,100,145.7451324744635,106.5170402201727,-37.36051746853676,0.9,0.1,2.2752519601792896e-15,0.7308445806163435,6.30069773588111e-15,sigma_factors_0.85_1.05,sigma_factors,True,0.2,0.25,0.08,1.05,0.85,0.1,10.0
rastrigin,40,0.0,lr_adapt_proxy,100,396.62080226754233,352.95836962687105,-49.46418402530239,0.77,0.23,9.740325726274076e-11,0.8899139117488382,1.9480651452548152e-10,sigma_factors_0.85_1.05,sigma_factors,True,0.2,0.25,0.08,1.05,0.85,0.1,10.0
rastrigin,40,0.1,lr_adapt_proxy,100,395.9868836951423,356.16166201075407,-35.48541122206433,0.78,0.22,5.846718763075831e-09,0.8994279272263765,1.0022946450987138e-08,sigma_factors_0.85_1.05,sigma_factors,True,0.2,0.25,0.08,1.05,0.85,0.1,10.0
rastrigin,40,0.2,lr_adapt_proxy,100,398.0030655310753,362.7508095470431,-44.019701152733745,0.74,0.26,4.659276289416658e-09,0.9114271747203923,8.386697320949984e-09,sigma_factors_0.85_1.05,sigma_factors,True,0.2,0.25,0.08,1.05,0.85,0.1,10.0
rosenbrock,10,0.0,lr_adapt_proxy,100,7.963584578782786,10.30845459766874,2.1995059459339235,0.23,0.77,1.6203393318660428e-05,1.2944490631936456,2.3332886378871017e-05,sigma_factors_0.85_1.05,sigma_factors,True,0.2,0.25,0.08,1.05,0.85,0.1,10.0
rosenbrock,10,0.1,lr_adapt_proxy,100,8.307753329260235,10.554542665964041,2.0592254357206934,0.21,0.79,1.7784676062110182e-05,1.2704448781345643,2.4624936085998714e-05,sigma_factors_0.85_1.05,sigma_factors,True,0.2,0.25,0.08,1.05,0.85,0.1,10.0
rosenbrock,10,0.2,lr_adapt_proxy,100,8.057731884500688,10.055360178086637,2.0025853762588195,0.22,0.78,4.965959424148884e-05,1.24791446553694,6.621279232198512e-05,sigma_factors_0.85_1.05,sigma_factors,True,0.2,0.25,0.08,1.05,0.85,0.1,10.0
rosenbrock,20,0.0,lr_adapt_proxy,100,32.17534839079061,66.93035011239898,29.267225742228206,0.24,0.76,2.874910625498527e-06,2.080174837564653,4.499860109475955e-06,sigma_factors_0.85_1.05,sigma_factors,True,0.2,0.25,0.08,1.05,0.85,0.1,10.0
rosenbrock,20,0.1,lr_adapt_proxy,100,34.3542372111561,69.03840074188514,26.88955284017279,0.24,0.76,7.340258185501842e-06,2.0096036572590763,1.1010387278252763e-05,sigma_factors_0.85_1.05,sigma_factors,True,0.2,0.25,0.08,1.05,0.85,0.1,10.0
rosenbrock,20,0.2,lr_adapt_proxy,100,32.3738134768236,77.35559841399547,27.578724418238554,0.22,0.78,1.1041472825770293e-06,2.389449684986117,1.806786462398775e-06,sigma_factors_0.85_1.05,sigma_factors,True,0.2,0.25,0.08,1.05,0.85,0.1,10.0
rosenbrock,40,0.0,lr_adapt_proxy,100,588.945718635892,494.04658494495516,-45.915406022830894,0.57,0.43,0.04043849543499513,0.8388660776569682,0.04411472229272196,sigma_factors_0.85_1.05,sigma_factors,True,0.2,0.25,0.08,1.05,0.85,0.1,10.0
rosenbrock,40,0.1,lr_adapt_proxy,100,608.2524167439151,492.6929578799362,-70.10606531044084,0.58,0.42,0.01817031002321381,0.8100139749832981,0.022556246925368867,sigma_factors_0.85_1.05,sigma_factors,True,0.2,0.25,0.08,1.05,0.85,0.1,10.0
rosenbrock,40,0.2,lr_adapt_proxy,100,579.9679281583306,500.5418412169966,-33.72419620268715,0.57,0.43,0.03688242381512491,0.8630508980150869,0.04149272679201552,sigma_factors_0.85_1.05,sigma_factors,True,0.2,0.25,0.08,1.05,0.85,0.1,10.0
sphere,10,0.0,lr_adapt_proxy,100,1.0582496805720369e-05,0.018872391818475467,0.018864437419327643,0.0,1.0,3.89655984509591e-18,1783.3590848120073,2.2613726850078315e-17,sigma_factors_0.85_1.05,sigma_factors,True,0.2,0.25,0.08,1.05,0.85,0.1,10.0
sphere,10,0.1,lr_adapt_proxy,100,-0.21794884339332712,-0.16209011080544733,0.05695194960773123,0.06,0.94,1.798758841783531e-16,0.7437071391699343,5.886847118564283e-16,sigma_factors_0.85_1.05,sigma_factors,True,0.2,0.25,0.08,1.05,0.85,0.1,10.0
sphere,10,0.2,lr_adapt_proxy,100,-0.4586406283900504,-0.3607084598214214,0.06691455108335953,0.23,0.77,3.9926982524816236e-10,0.786472975775398,7.565112478386234e-10,sigma_factors_0.85_1.05,sigma_factors,True,0.2,0.25,0.08,1.05,0.85,0.1,10.0
sphere,20,0.0,lr_adapt_proxy,100,0.012083707862821896,0.29399905445047403,0.2838320288962487,0.0,1.0,3.89655984509591e-18,24.330202102537154,2.2613726850078315e-17,sigma_factors_0.85_1.05,sigma_factors,True,0.2,0.25,0.08,1.05,0.85,0.1,10.0
sphere,20,0.1,lr_adapt_proxy,100,-0.09197217458066785,0.22814131184468533,0.30412895935908646,0.0,1.0,3.89655984509591e-18,-2.4805471098716376,2.2613726850078315e-17,sigma_factors_0.85_1.05,sigma_factors,True,0.2,0.25,0.08,1.05,0.85,0.1,10.0
sphere,20,0.2,lr_adapt_proxy,100,-0.23843736043551503,0.08491408844044038,0.30221425672699587,0.01,0.99,4.397113554181895e-18,-0.35612744699631604,2.2613726850078315e-17,sigma_factors_0.85_1.05,sigma_factors,True,0.2,0.25,0.08,1.05,0.85,0.1,10.0
sphere,40,0.0,lr_adapt_proxy,100,1.6171826672837812,3.4971658005248987,1.8652468913220261,0.07,0.93,6.166069759616457e-17,2.1625051215758675,2.466427903846583e-16,sigma_factors_0.85_1.05,sigma_factors,True,0.2,0.25,0.08,1.05,0.85,0.1,10.0
sphere,40,0.1,lr_adapt_proxy,100,1.5099065684665791,3.6689400396232843,2.2162836362029603,0.02,0.98,5.7672036158171394e-18,2.429911966903596,2.595241627117713e-17,sigma_factors_0.85_1.05,sigma_factors,True,0.2,0.25,0.08,1.05,0.85,0.1,10.0
sphere,40,0.2,lr_adapt_proxy,100,1.6930524834295937,3.428414085196813,1.6752185855674169,0.07,0.93,1.5137158701684115e-16,2.024989844527395,5.449377132606281e-16,sigma_factors_0.85_1.05,sigma_factors,True,0.2,0.25,0.08,1.05,0.85,0.1,10.0
ellipsoid_cond1e6,10,0.0,lr_adapt_proxy,100,1084.1895885976264,1128.6832267974842,165.43332903846033,0.43,0.57,0.7595963382015569,1.041038614157335,0.7812990907216014,sigma_factors_0.95_1.02,sigma_factors,True,0.2,0.25,0.08,1.02,0.95,0.1,10.0
ellipsoid_cond1e6,10,0.1,lr_adapt_proxy,100,1084.1407318568422,1128.659266029003,163.30864581931985,0.43,0.57,0.7491470801654898,1.0410634273429729,0.7812990907216014,sigma_factors_0.95_1.02,sigma_factors,True,0.2,0.25,0.08,1.02,0.95,0.1,10.0
ellipsoid_cond1e6,10,0.2,lr_adapt_proxy,100,1084.574072559482,1129.0671437317583,171.00995989974817,0.42,0.58,0.8635033772834252,1.041023543064493,0.8635033772834252,sigma_factors_0.95_1.02,sigma_factors,True,0.2,0.25,0.08,1.02,0.95,0.1,10.0
ellipsoid_cond1e6,20,0.0,lr_adapt_proxy,100,71476.35575055666,39051.2236417799,-27788.223452779137,0.77,0.23,1.3823325189872664e-11,0.5463516323924471,2.6820385628796568e-11,sigma_factors_0.95_1.02,sigma_factors,True,0.2,0.25,0.08,1.02,0.95,0.1,10.0
ellipsoid_cond1e6,20,0.1,lr_adapt_proxy,100,71476.28190092588,39051.22266825892,-27788.49444950481,0.77,0.23,1.41552035263093e-11,0.5463521832653282,2.6820385628796568e-11,sigma_factors_0.95_1.02,sigma_factors,True,0.2,0.25,0.08,1.02,0.95,0.1,10.0
ellipsoid_cond1e6,20,0.2,lr_adapt_proxy,100,71476.47036003675,39051.44108643531,-27788.335907440873,0.77,0.23,1.41552035263093e-11,0.5463537985259745,2.6820385628796568e-11,sigma_factors_0.95_1.02,sigma_factors,True,0.2,0.25,0.08,1.02,0.95,0.1,10.0
ellipsoid_cond1e6,40,0.0,lr_adapt_proxy,100,974680.8769914254,320952.926614358,-552819.707163057,0.99,0.01,4.531861061109545e-18,0.3292902674001898,2.475618080475805e-17,sigma_factors_0.95_1.02,sigma_factors,True,0.2,0.25,0.08,1.02,0.95,0.1,10.0
ellipsoid_cond1e6,40,0.1,lr_adapt_proxy,100,974680.8919976151,320952.9142455942,-552819.7202501284,0.99,0.01,4.531861061109545e-18,0.329290249640371,2.475618080475805e-17,sigma_factors_0.95_1.02,sigma_factors,True,0.2,0.25,0.08,1.02,0.95,0.1,10.0
ellipsoid_cond1e6,40,0.2,lr_adapt_proxy,100,974680.7746896397,320952.6035330548,-552819.4460267021,0.99,0.01,4.531861061109545e-18,0.32928997048828973,2.475618080475805e-17,sigma_factors_0.95_1.02,sigma_factors,True,0.2,0.25,0.08,1.02,0.95,0.1,10.0
rastrigin,10,0.0,lr_adapt_proxy,100,32.88772565234917,21.212902244295194,-7.524938072651409,0.65,0.35,7.68317676362045e-05,0.6450097057039867,0.00010244235684827267,sigma_factors_0.95_1.02,sigma_factors,True,0.2,0.25,0.08,1.02,0.95,0.1,10.0
rastrigin,10,0.1,lr_adapt_proxy,100,27.86170059955571,20.586807287939966,-5.508058334987484,0.59,0.41,0.0040917391418793594,0.7388927037809117,0.004910086970255231,sigma_factors_0.95_1.02,sigma_factors,True,0.2,0.25,0.08,1.02,0.95,0.1,10.0
rastrigin,10,0.2,lr_adapt_proxy,100,29.811595447831188,21.250144527928356,-9.481990663409093,0.62,0.38,0.000278726263093336,0.7128147356324841,0.0003460050162537964,sigma_factors_0.95_1.02,sigma_factors,True,0.2,0.25,0.08,1.02,0.95,0.1,10.0
rastrigin,20,0.0,lr_adapt_proxy,100,147.32603598588292,105.08068291784187,-41.86638234941829,0.93,0.07,2.2752519601792896e-15,0.7132526319238706,6.4774405496402365e-15,sigma_factors_0.95_1.02,sigma_factors,True,0.2,0.25,0.08,1.02,0.95,0.1,10.0
rastrigin,20,0.1,lr_adapt_proxy,100,147.47632172389268,105.59914307247118,-39.292968827969965,0.94,0.06,2.5581057720235428e-17,0.7160413403188577,1.0232423088094171e-16,sigma_factors_0.95_1.02,sigma_factors,True,0.2,0.25,0.08,1.02,0.95,0.1,10.0
rastrigin,20,0.2,lr_adapt_proxy,100,145.7451324744635,103.22403178132465,-40.57992712183209,0.96,0.04,5.4868943266813393e-17,0.708250286159031,1.975281957605282e-16,sigma_factors_0.95_1.02,sigma_factors,True,0.2,0.25,0.08,1.02,0.95,0.1,10.0
rastrigin,40,0.0,lr_adapt_proxy,100,396.62080226754233,340.5805818781398,-53.8123692248617,0.91,0.09,2.339075754036752e-15,0.8587057963954187,6.4774405496402365e-15,sigma_factors_0.95_1.02,sigma_factors,True,0.2,0.25,0.08,1.02,0.95,0.1,10.0
rastrigin,40,0.1,lr_adapt_proxy,100,395.9868836951423,342.59916662709105,-47.36190129180716,0.87,0.13,1.052126545662313e-14,0.865178067086806,2.705468260274519e-14,sigma_factors_0.95_1.02,sigma_factors,True,0.2,0.25,0.08,1.02,0.95,0.1,10.0
rastrigin,40,0.2,lr_adapt_proxy,100,398.0030655310753,341.3791421373398,-51.81832807689051,0.97,0.03,9.601770743442903e-18,0.8577299315064837,4.320796834549306e-17,sigma_factors_0.95_1.02,sigma_factors,True,0.2,0.25,0.08,1.02,0.95,0.1,10.0
rosenbrock,10,0.0,lr_adapt_proxy,100,7.963584578782786,10.455855826749682,2.3229123276982357,0.18,0.82,1.560407369318267e-06,1.312958470310845,2.553393877066255e-06,sigma_factors_0.95_1.02,sigma_factors,True,0.2,0.25,0.08,1.02,0.95,0.1,10.0
rosenbrock,10,0.1,lr_adapt_proxy,100,8.307753329260235,10.410157524743596,2.3838349695467054,0.23,0.77,7.340258185501842e-06,1.2530653128660683,1.0569971787122652e-05,sigma_factors_0.95_1.02,sigma_factors,True,0.2,0.25,0.08,1.02,0.95,0.1,10.0
rosenbrock,10,0.2,lr_adapt_proxy,100,8.057731884500688,10.36027155376664,1.8141414775436013,0.23,0.77,0.00021885127440173316,1.2857553095921401,0.0002813802099450855,sigma_factors_0.95_1.02,sigma_factors,True,0.2,0.25,0.08,1.02,0.95,0.1,10.0
rosenbrock,20,0.0,lr_adapt_proxy,100,32.17534839079061,64.02109135542275,28.6198522852978,0.22,0.78,7.340258185501842e-06,1.9897559640332345,1.0569971787122652e-05,sigma_factors_0.95_1.02,sigma_factors,True,0.2,0.25,0.08,1.02,0.95,0.1,10.0
rosenbrock,20,0.1,lr_adapt_proxy,100,34.3542372111561,63.35701339784946,28.40476478335014,0.21,0.79,4.502523863937409e-06,1.844227045660472,7.0474286565976845e-06,sigma_factors_0.95_1.02,sigma_factors,True,0.2,0.25,0.08,1.02,0.95,0.1,10.0
rosenbrock,20,0.2,lr_adapt_proxy,100,32.3738134768236,62.765666656584614,26.004753604018294,0.22,0.78,8.899585400595614e-06,1.938778905411268,1.2322502862363158e-05,sigma_factors_0.95_1.02,sigma_factors,True,0.2,0.25,0.08,1.02,0.95,0.1,10.0
rosenbrock,40,0.0,lr_adapt_proxy,100,588.945718635892,503.1495489640172,-106.97720651121506,0.58,0.42,0.007627245069920197,0.8543224494939963,0.008580650703660223,sigma_factors_0.95_1.02,sigma_factors,True,0.2,0.25,0.08,1.02,0.95,0.1,10.0
rosenbrock,40,0.1,lr_adapt_proxy,100,608.2524167439151,503.1751519224729,-127.99531753716113,0.57,0.43,0.005184225531032783,0.8272472711511123,0.006020390939263876,sigma_factors_0.95_1.02,sigma_factors,True,0.2,0.25,0.08,1.02,0.95,0.1,10.0
rosenbrock,40,0.2,lr_adapt_proxy,100,579.9679281583306,508.81385942473304,-79.45670888071339,0.58,0.42,0.01001516391653368,0.8773137870579414,0.010925633363491286,sigma_factors_0.95_1.02,sigma_factors,True,0.2,0.25,0.08,1.02,0.95,0.1,10.0
sphere,10,0.0,lr_adapt_proxy,100,1.0582496805720369e-05,0.018922472205500442,0.01889483943933829,0.0,1.0,3.89655984509591e-18,1788.0914639418459,2.475618080475805e-17,sigma_factors_0.95_1.02,sigma_factors,True,0.2,0.25,0.08,1.02,0.95,0.1,10.0
sphere,10,0.1,lr_adapt_proxy,100,-0.21794884339332712,-0.15923751467269243,0.05904430265604922,0.08,0.92,1.798758841783531e-16,0.7306187644470324,5.886847118564283e-16,sigma_factors_0.95_1.02,sigma_factors,True,0.2,0.25,0.08,1.02,0.95,0.1,10.0
sphere,10,0.2,lr_adapt_proxy,100,-0.4586406283900504,-0.39091669999035417,0.05907735829581029,0.22,0.78,5.166648052934121e-09,0.8523377036233684,8.857110947887064e-09,sigma_factors_0.95_1.02,sigma_factors,True,0.2,0.25,0.08,1.02,0.95,0.1,10.0
sphere,20,0.0,lr_adapt_proxy,100,0.012083707862821896,0.3005311891085193,0.28529876306220675,0.0,1.0,3.89655984509591e-18,24.87077580162026,2.475618080475805e-17,sigma_factors_0.95_1.02,sigma_factors,True,0.2,0.25,0.08,1.02,0.95,0.1,10.0
sphere,20,0.1,lr_adapt_proxy,100,-0.09197217458066785,0.2147877611819128,0.3086604368472975,0.01,0.99,4.0161556854627e-18,-2.3353559069490597,2.475618080475805e-17,sigma_factors_0.95_1.02,sigma_factors,True,0.2,0.25,0.08,1.02,0.95,0.1,10.0
sphere,20,0.2,lr_adapt_proxy,100,-0.23843736043551503,0.10866848451583455,0.3449410928903648,0.02,0.98,4.813701823147399e-18,-0.455752757526536,2.475618080475805e-17,sigma_factors_0.95_1.02,sigma_factors,True,0.2,0.25,0.08,1.02,0.95,0.1,10.0
sphere,40,0.0,lr_adapt_proxy,100,1.6171826672837812,2.538097164659471,0.8222966100497888,0.14,0.86,9.472454917086354e-13,1.5694560769207706,2.13130235634443e-12,sigma_factors_0.95_1.02,sigma_factors,True,0.2,0.25,0.08,1.02,0.95,0.1,10.0
sphere,40,0.1,lr_adapt_proxy,100,1.5099065684665791,2.62594239306648,1.0052010446425221,0.14,0.86,7.929789176649616e-14,1.739142307151705,1.9031494023959078e-13,sigma_factors_0.95_1.02,sigma_factors,True,0.2,0.25,0.08,1.02,0.95,0.1,10.0
sphere,40,0.2,lr_adapt_proxy,100,1.6930524834295937,2.585174454961681,0.8209867023658665,0.2,0.8,2.435058878352676e-11,1.526931078784355,4.383105981034816e-11,sigma_factors_0.95_1.02,sigma_factors,True,0.2,0.25,0.08,1.02,0.95,0.1,10.0
ellipsoid_cond1e6,10,0.0,lr_adapt_proxy,100,1084.1895885976264,658.9459919537525,-351.5511389671043,0.66,0.34,0.00021013147514216082,0.6077774578208996,0.0003438515047780813,sigma_clamp_0.05_20.0,sigma_clamp,True,0.2,0.25,0.08,1.03,0.9,0.05,20.0
ellipsoid_cond1e6,10,0.1,lr_adapt_proxy,100,1084.1407318568422,676.4054038612448,-351.5240809002831,0.67,0.33,0.0002713849663803473,0.6239092250530462,0.0004013658188544038,sigma_clamp_0.05_20.0,sigma_clamp,True,0.2,0.25,0.08,1.03,0.9,0.05,20.0
ellipsoid_cond1e6,10,0.2,lr_adapt_proxy,100,1084.574072559482,697.3176715530989,-377.64774148094455,0.64,0.36,0.00026778265635249015,0.6429414912229109,0.0004013658188544038,sigma_clamp_0.05_20.0,sigma_clamp,True,0.2,0.25,0.08,1.03,0.9,0.05,20.0
ellipsoid_cond1e6,20,0.0,lr_adapt_proxy,100,71476.35575055666,26244.741638861182,-40836.71901068367,0.91,0.09,1.103745435518733e-15,0.3671807461820238,2.8382025484767417e-15,sigma_clamp_0.05_20.0,sigma_clamp,True,0.2,0.25,0.08,1.03,0.9,0.05,20.0
ellipsoid_cond1e6,20,0.1,lr_adapt_proxy,100,71476.28190092588,25684.00789366956,-40836.82046729532,0.91,0.09,1.0732910429952938e-15,0.3593360931850158,2.8382025484767417e-15,sigma_clamp_0.05_20.0,sigma_clamp,True,0.2,0.25,0.08,1.03,0.9,0.05,20.0
ellipsoid_cond1e6,20,0.2,lr_adapt_proxy,100,71476.47036003675,25684.039507715657,-40836.72220911246,0.91,0.09,1.0732910429952938e-15,0.35933558803815635,2.8382025484767417e-15,sigma_clamp_0.05_20.0,sigma_clamp,True,0.2,0.25,0.08,1.03,0.9,0.05,20.0
ellipsoid_cond1e6,40,0.0,lr_adapt_proxy,100,974680.8769914254,265010.51948759914,-620722.9963554435,0.99,0.01,4.0161556854627e-18,0.271894653669224,1.6814459908432102e-17,sigma_clamp_0.05_20.0,sigma_clamp,True,0.2,0.25,0.08,1.03,0.9,0.05,20.0
ellipsoid_cond1e6,40,0.1,lr_adapt_proxy,100,974680.8919976151,265010.5051149149,-620723.0861733969,0.99,0.01,4.0161556854627e-18,0.27189463473709236,1.6814459908432102e-17,sigma_clamp_0.05_20.0,sigma_clamp,True,0.2,0.25,0.08,1.03,0.9,0.05,20.0
ellipsoid_cond1e6,40,0.2,lr_adapt_proxy,100,974680.7746896397,265010.63036108087,-620722.983376712,0.99,0.01,4.0161556854627e-18,0.2718947959607249,1.6814459908432102e-17,sigma_clamp_0.05_20.0,sigma_clamp,True,0.2,0.25,0.08,1.03,0.9,0.05,20.0
rastrigin,10,0.0,lr_adapt_proxy,100,32.88772565234917,19.127858142401088,-10.238330294255448,0.65,0.35,2.6433140750645974e-06,0.5816108521640744,5.008384563280289e-06,sigma_clamp_0.05_20.0,sigma_clamp,True,0.2,0.25,0.08,1.03,0.9,0.05,20.0
rastrigin,10,0.1,lr_adapt_proxy,100,27.86170059955571,17.52123323977818,-7.803311664806655,0.64,0.36,2.0751639472212628e-05,0.6288644577588196,3.735295104998273e-05,sigma_clamp_0.05_20.0,sigma_clamp,True,0.2,0.25,0.08,1.03,0.9,0.05,20.0
rastrigin,10,0.2,lr_adapt_proxy,100,29.811595447831188,18.26776504378212,-9.463769112596308,0.6,0.4,4.821815867885519e-05,0.6127738139929412,8.265970059232318e-05,sigma_clamp_0.05_20.0,sigma_clamp,True,0.2,0.25,0.08,1.03,0.9,0.05,20.0
rastrigin,20,0.0,lr_adapt_proxy,100,147.32603598588292,65.41916429983056,-79.64252872239359,0.98,0.02,5.7672036158171394e-18,0.4440434704026052,1.887448456085609e-17,sigma_clamp_0.05_20.0,sigma_clamp,True,0.2,0.25,0.08,1.03,0.9,0.05,20.0
rastrigin,20,0.1,lr_adapt_proxy,100,147.47632172389268,71.43481333480527,-74.22760965796158,1.0,0.0,3.89655984509591e-18,0.4843815773256575,1.6814459908432102e-17,sigma_clamp_0.05_20.0,sigma_clamp,True,0.2,0.25,0.08,1.03,0.9,0.05,20.0
rastrigin,20,0.2,lr_adapt_proxy,100,145.7451324744635,69.6982653433534,-73.86939853029372,0.99,0.01,4.0161556854627e-18,0.47822019274342126,1.6814459908432102e-17,sigma_clamp_0.05_20.0,sigma_clamp,True,0.2,0.25,0.08,1.03,0.9,0.05,20.0
rastrigin,40,0.0,lr_adapt_proxy,100,396.62080226754233,244.02674197322537,-155.34043173927688,0.99,0.01,4.0161556854627e-18,0.6152646068438338,1.6814459908432102e-17,sigma_clamp_0.05_20.0,sigma_clamp,True,0.2,0.25,0.08,1.03,0.9,0.05,20.0
rastrigin,40,0.1,lr_adapt_proxy,100,395.9868836951423,245.53649888323687,-146.04124322560892,0.97,0.03,4.670683307897806e-18,0.6200622015356135,1.6814459908432102e-17,sigma_clamp_0.05_20.0,sigma_clamp,True,0.2,0.25,0.08,1.03,0.9,0.05,20.0
rastrigin,40,0.2,lr_adapt_proxy,100,398.0030655310753,247.72678560335066,-144.90640000078514,0.99,0.01,4.531861061109545e-18,0.6224243154328384,1.6814459908432102e-17,sigma_clamp_0.05_20.0,sigma_clamp,True,0.2,0.25,0.08,1.03,0.9,0.05,20.0
rosenbrock,10,0.0,lr_adapt_proxy,100,7.963584578782786,8.40352578271337,-0.10568519769696971,0.52,0.48,0.8743284035131398,1.055244117718384,0.8743284035131398,sigma_clamp_0.05_20.0,sigma_clamp,True,0.2,0.25,0.08,1.03,0.9,0.05,20.0
rosenbrock,10,0.1,lr_adapt_proxy,100,8.307753329260235,8.518409594723547,-0.19870572078040993,0.52,0.48,0.6474574389756316,1.0253565864457448,0.6659562229463639,sigma_clamp_0.05_20.0,sigma_clamp,True,0.2,0.25,0.08,1.03,0.9,0.05,20.0
rosenbrock,10,0.2,lr_adapt_proxy,100,8.057731884500688,8.413503636242076,0.384785586473011,0.42,0.58,0.5681610364103444,1.0441528406307148,0.6015822738462471,sigma_clamp_0.05_20.0,sigma_clamp,True,0.2,0.25,0.08,1.03,0.9,0.05,20.0
rosenbrock,20,0.0,lr_adapt_proxy,100,32.17534839079061,52.86335318577851,5.989423258539693,0.4,0.6,0.040775729015492666,1.642976869860695,0.048930874818591194,sigma_clamp_0.05_20.0,sigma_clamp,True,0.2,0.25,0.08,1.03,0.9,0.05,20.0
rosenbrock,20,0.1,lr_adapt_proxy,100,34.3542372111561,39.27499135098611,4.953140334450769,0.42,0.58,0.14112810604636963,1.1432357269231426,0.15876911930216583,sigma_clamp_0.05_20.0,sigma_clamp,True,0.2,0.25,0.08,1.03,0.9,0.05,20.0
rosenbrock,20,0.2,lr_adapt_proxy,100,32.3738134768236,43.458027372597854,4.5702859169252275,0.41,0.59,0.06634797493908513,1.3423820892682117,0.07704926121958273,sigma_clamp_0.05_20.0,sigma_clamp,True,0.2,0.25,0.08,1.03,0.9,0.05,20.0
rosenbrock,40,0.0,lr_adapt_proxy,100,588.945718635892,482.4522753685593,-123.29837654073737,0.66,0.34,0.0012291614999567046,0.8191795272508452,0.0015258556551186677,sigma_clamp_0.05_20.0,sigma_clamp,True,0.2,0.25,0.08,1.03,0.9,0.05,20.0
rosenbrock,40,0.1,lr_adapt_proxy,100,608.2524167439151,477.8358354734132,-143.47098334341152,0.67,0.33,0.000495785644777983,0.7855880590353502,0.0006610475263706439,sigma_clamp_0.05_20.0,sigma_clamp,True,0.2,0.25,0.08,1.03,0.9,0.05,20.0
rosenbrock,40,0.2,lr_adapt_proxy,100,579.9679281583306,446.3580551795379,-125.84688157750386,0.68,0.32,0.000278726263093336,0.7696254111790863,0.0004013658188544038,sigma_clamp_0.05_20.0,sigma_clamp,True,0.2,0.25,0.08,1.03,0.9,0.05,20.0
sphere,10,0.0,lr_adapt_proxy,100,1.0582496805720369e-05,0.004850533712734059,0.004831147169955658,0.0,1.0,3.89655984509591e-18,458.3543753220982,1.6814459908432102e-17,sigma_clamp_0.05_20.0,sigma_clamp,True,0.2,0.25,0.08,1.03,0.9,0.05,20.0
sphere,10,0.1,lr_adapt_proxy,100,-0.21794884339332712,-0.20433400344118013,0.014830219475554338,0.33,0.67,0.0010501913014833856,0.9375319467624951,0.0013502459590500671,sigma_clamp_0.05_20.0,sigma_clamp,True,0.2,0.25,0.08,1.03,0.9,0.05,20.0
sphere,10,0.2,lr_adapt_proxy,100,-0.4586406283900504,-0.436512361904764,0.013643014292720884,0.45,0.55,0.17882391733984515,0.9517524939668724,0.1950806370980129,sigma_clamp_0.05_20.0,sigma_clamp,True,0.2,0.25,0.08,1.03,0.9,0.05,20.0
sphere,20,0.0,lr_adapt_proxy,100,0.012083707862821896,0.07956272102681657,0.0671804208695565,0.0,1.0,3.89655984509591e-18,6.5842969666296085,1.6814459908432102e-17,sigma_clamp_0.05_20.0,sigma_clamp,True,0.2,0.25,0.08,1.03,0.9,0.05,20.0
sphere,20,0.1,lr_adapt_proxy,100,-0.09197217458066785,-0.030537152886048802,0.050859266843607004,0.24,0.76,1.346344104812648e-09,0.3320259961806707,2.692688209625296e-09,sigma_clamp_0.05_20.0,sigma_clamp,True,0.2,0.25,0.08,1.03,0.9,0.05,20.0
sphere,20,0.2,lr_adapt_proxy,100,-0.23843736043551503,-0.1581212065033254,0.05506377923306166,0.41,0.59,0.00045892291127167016,0.6631561690437728,0.0006354317232992356,sigma_clamp_0.05_20.0,sigma_clamp,True,0.2,0.25,0.08,1.03,0.9,0.05,20.0
sphere,40,0.0,lr_adapt_proxy,100,1.6171826672837812,2.733047664114001,1.0404396754179621,0.15,0.85,4.929402031484105e-12,1.6900055382762826,1.0438733713731046e-11,sigma_clamp_0.05_20.0,sigma_clamp,True,0.2,0.25,0.08,1.03,0.9,0.05,20.0
sphere,40,0.1,lr_adapt_proxy,100,1.5099065684665791,2.661113645518256,0.999750088028943,0.11,0.89,1.0841721534159527e-13,1.7624359686181192,2.6020131681982866e-13,sigma_clamp_0.05_20.0,sigma_clamp,True,0.2,0.25,0.08,1.03,0.9,0.05,20.0
sphere,40,0.2,lr_adapt_proxy,100,1.6930524834295937,2.6339878294131873,0.962625541920793,0.15,0.85,3.259722913792966e-12,1.555762656617445,7.334376556034174e-12,sigma_clamp_0.05_20.0,sigma_clamp,True,0.2,0.25,0.08,1.03,0.9,0.05,20.0
ellipsoid_cond1e6,10,0.0,lr_adapt_proxy,100,1084.1895885976264,1239.558764139567,108.06419137031554,0.42,0.58,0.3426319759495927,1.1433044341837917,0.35242146097672394,sigma_clamp_0.2_5.0,sigma_clamp,True,0.2,0.25,0.08,1.03,0.9,0.2,5.0
ellipsoid_cond1e6,10,0.1,lr_adapt_proxy,100,1084.1407318568422,1239.4497572948744,113.721988118242,0.41,0.59,0.313728575022711,1.1432554103672772,0.3422493545702302,sigma_clamp_0.2_5.0,sigma_clamp,True,0.2,0.25,0.08,1.03,0.9,0.2,5.0
ellipsoid_cond1e6,10,0.2,lr_adapt_proxy,100,1084.574072559482,1239.3366566905847,108.35977670431714,0.41,0.59,0.3271243358754563,1.1426943424582143,0.3463669438681302,sigma_clamp_0.2_5.0,sigma_clamp,True,0.2,0.25,0.08,1.03,0.9,0.2,5.0
ellipsoid_cond1e6,20,0.0,lr_adapt_proxy,100,71476.35575055666,45112.18729590447,-23120.08022127459,0.74,0.26,9.134168097678203e-08,0.6311483961681011,1.3153202060656613e-07,sigma_clamp_0.2_5.0,sigma_clamp,True,0.2,0.25,0.08,1.03,0.9,0.2,5.0
ellipsoid_cond1e6,20,0.1,lr_adapt_proxy,100,71476.28190092588,45112.27081703309,-23120.02457600978,0.74,0.26,9.134168097678203e-08,0.6311502167888886,1.3153202060656613e-07,sigma_clamp_0.2_5.0,sigma_clamp,True,0.2,0.25,0.08,1.03,0.9,0.2,5.0
ellipsoid_cond1e6,20,0.2,lr_adapt_proxy,100,71476.47036003675,45112.375548646945,-23120.143500999406,0.74,0.26,9.134168097678203e-08,0.6311500179207191,1.3153202060656613e-07,sigma_clamp_0.2_5.0,sigma_clamp,True,0.2,0.25,0.08,1.03,0.9,0.2,5.0
ellipsoid_cond1e6,40,0.0,lr_adapt_proxy,100,974680.8769914254,406486.71341407904,-488005.03618959256,0.98,0.02,6.12472726248735e-18,0.41704595115151216,1.8374181787462052e-17,sigma_clamp_0.2_5.0,sigma_clamp,True,0.2,0.25,0.08,1.03,0.9,0.2,5.0
ellipsoid_cond1e6,40,0.1,lr_adapt_proxy,100,974680.8919976151,406486.68640510645,-488005.05535174283,0.98,0.02,6.12472726248735e-18,0.4170459170200918,1.8374181787462052e-17,sigma_clamp_0.2_5.0,sigma_clamp,True,0.2,0.25,0.08,1.03,0.9,0.2,5.0
ellipsoid_cond1e6,40,0.2,lr_adapt_proxy,100,974680.7746896397,406486.7259572504,-488005.0126153204,0.98,0.02,6.12472726248735e-18,0.41704600779335665,1.8374181787462052e-17,sigma_clamp_0.2_5.0,sigma_clamp,True,0.2,0.25,0.08,1.03,0.9,0.2,5.0
rastrigin,10,0.0,lr_adapt_proxy,100,32.88772565234917,40.230374596466746,9.417866296691614,0.31,0.69,1.246885016264847e-06,1.2232641144521677,1.662513355019796e-06,sigma_clamp_0.2_5.0,sigma_clamp,True,0.2,0.25,0.08,1.03,0.9,0.2,5.0
rastrigin,10,0.1,lr_adapt_proxy,100,27.86170059955571,42.076785490836016,11.925380267151032,0.27,0.73,2.1308041293925754e-08,1.5102016239276859,3.6528070789587004e-08,sigma_clamp_0.2_5.0,sigma_clamp,True,0.2,0.25,0.08,1.03,0.9,0.2,5.0
rastrigin,10,0.2,lr_adapt_proxy,100,29.811595447831188,42.42098953904562,15.316998489410711,0.29,0.71,2.3526577665178756e-08,1.4229694486925482,3.8498036179383417e-08,sigma_clamp_0.2_5.0,sigma_clamp,True,0.2,0.25,0.08,1.03,0.9,0.2,5.0
rastrigin,20,0.0,lr_adapt_proxy,100,147.32603598588292,148.89032919617722,0.6582244572128957,0.49,0.51,0.48304202468022994,1.010617900629894,0.48304202468022994,sigma_clamp_0.2_5.0,sigma_clamp,True,0.2,0.25,0.08,1.03,0.9,0.2,5.0
rastrigin,20,0.1,lr_adapt_proxy,100,147.47632172389268,149.06798246562101,4.5972471222791995,0.42,0.58,0.2396320027601666,1.0107926528348616,0.26958600310518743,sigma_clamp_0.2_5.0,sigma_clamp,True,0.2,0.25,0.08,1.03,0.9,0.2,5.0
rastrigin,20,0.2,lr_adapt_proxy,100,145.7451324744635,148.86135083107808,5.385314995651115,0.4,0.6,0.038464374241245325,1.0213812859730365,0.04466830557047844,sigma_clamp_0.2_5.0,sigma_clamp,True,0.2,0.25,0.08,1.03,0.9,0.2,5.0
rastrigin,40,0.0,lr_adapt_proxy,100,396.62080226754233,402.027905936788,9.504361647362316,0.41,0.59,0.03109696724673548,1.0136329300892248,0.03731636069608257,sigma_clamp_0.2_5.0,sigma_clamp,True,0.2,0.25,0.08,1.03,0.9,0.2,5.0
rastrigin,40,0.1,lr_adapt_proxy,100,395.9868836951423,402.11629375697794,9.78345326996245,0.42,0.58,0.009528203114485134,1.0154788209261862,0.012250546861480886,sigma_clamp_0.2_5.0,sigma_clamp,True,0.2,0.25,0.08,1.03,0.9,0.2,5.0
rastrigin,40,0.2,lr_adapt_proxy,100,398.0030655310753,406.46330111631596,6.2270720503221355,0.44,0.56,0.0136906635189791,1.0212567096033587,0.016995306437353364,sigma_clamp_0.2_5.0,sigma_clamp,True,0.2,0.25,0.08,1.03,0.9,0.2,5.0
rosenbrock,10,0.0,lr_adapt_proxy,100,7.963584578782786,16.27165786858142,7.881850709206218,0.1,0.9,1.7387179975866166e-09,2.043257996145814,3.2944130480588525e-09,sigma_clamp_0.2_5.0,sigma_clamp,True,0.2,0.25,0.08,1.03,0.9,0.2,5.0
rosenbrock,10,0.1,lr_adapt_proxy,100,8.307753329260235,15.6088853024961,7.091371620211165,0.11,0.89,1.1227625712821655e-08,1.8788335045433993,2.020972628307898e-08,sigma_clamp_0.2_5.0,sigma_clamp,True,0.2,0.25,0.08,1.03,0.9,0.2,5.0
rosenbrock,10,0.2,lr_adapt_proxy,100,8.057731884500688,16.23125823813202,8.025485170932791,0.12,0.88,1.0041836658630669e-07,2.014370603389445,1.3904081527334772e-07,sigma_clamp_0.2_5.0,sigma_clamp,True,0.2,0.25,0.08,1.03,0.9,0.2,5.0
rosenbrock,20,0.0,lr_adapt_proxy,100,32.17534839079061,177.23057144307018,128.54806022691687,0.07,0.93,5.020142338158485e-16,5.508272025231528,1.3901932628746573e-15,sigma_clamp_0.2_5.0,sigma_clamp,True,0.2,0.25,0.08,1.03,0.9,0.2,5.0
rosenbrock,20,0.1,lr_adapt_proxy,100,34.3542372111561,173.66577611837243,119.5085168511367,0.09,0.91,5.782369267221539e-16,5.0551486575279485,1.4868949544283958e-15,sigma_clamp_0.2_5.0,sigma_clamp,True,0.2,0.25,0.08,1.03,0.9,0.2,5.0
rosenbrock,20,0.2,lr_adapt_proxy,100,32.3738134768236,175.6159078085521,121.97273966648112,0.07,0.93,9.868085234330903e-16,5.42462839400355,2.368340456239417e-15,sigma_clamp_0.2_5.0,sigma_clamp,True,0.2,0.25,0.08,1.03,0.9,0.2,5.0
rosenbrock,40,0.0,lr_adapt_proxy,100,588.945718635892,1108.6386015591047,502.14925619599205,0.12,0.88,3.698169679402043e-14,1.8824121926328257,8.320881778654597e-14,sigma_clamp_0.2_5.0,sigma_clamp,True,0.2,0.25,0.08,1.03,0.9,0.2,5.0
rosenbrock,40,0.1,lr_adapt_proxy,100,608.2524167439151,1108.7331768810209,528.2527939595204,0.12,0.88,4.220912101095269e-14,1.8228175447559578,8.93840209643704e-14,sigma_clamp_0.2_5.0,sigma_clamp,True,0.2,0.25,0.08,1.03,0.9,0.2,5.0
rosenbrock,40,0.2,lr_adapt_proxy,100,579.9679281583306,1130.0003936495834,535.9444487594967,0.1,0.9,5.94436970808519e-14,1.9483842791753385,1.188873941617038e-13,sigma_clamp_0.2_5.0,sigma_clamp,True,0.2,0.25,0.08,1.03,0.9,0.2,5.0
sphere,10,0.0,lr_adapt_proxy,100,1.0582496805720369e-05,0.0751723022778661,0.07516576403727905,0.0,1.0,3.89655984509591e-18,7103.456174655466,1.558623938038364e-17,sigma_clamp_0.2_5.0,sigma_clamp,True,0.2,0.25,0.08,1.03,0.9,0.2,5.0
sphere,10,0.1,lr_adapt_proxy,100,-0.21794884339332712,-0.03606950676884947,0.1775660064450427,0.0,1.0,3.89655984509591e-18,0.16549528874422925,1.558623938038364e-17,sigma_clamp_0.2_5.0,sigma_clamp,True,0.2,0.25,0.08,1.03,0.9,0.2,5.0
sphere,10,0.2,lr_adapt_proxy,100,-0.4586406283900504,-0.24450928209845996,0.20093445614106772,0.0,1.0,3.89655984509591e-18,0.533117362403658,1.558623938038364e-17,sigma_clamp_0.2_5.0,sigma_clamp,True,0.2,0.25,0.08,1.03,0.9,0.2,5.0
sphere,20,0.0,lr_adapt_proxy,100,0.012083707862821896,1.104809945048662,1.091487685967428,0.0,1.0,3.89655984509591e-18,91.42971326275152,1.558623938038364e-17,sigma_clamp_0.2_5.0,sigma_clamp,True,0.2,0.25,0.08,1.03,0.9,0.2,5.0
sphere,20,0.1,lr_adapt_proxy,100,-0.09197217458066785,1.0933490410765923,1.1859540168246328,0.0,1.0,3.89655984509591e-18,-11.887824182276207,1.558623938038364e-17,sigma_clamp_0.2_5.0,sigma_clamp,True,0.2,0.25,0.08,1.03,0.9,0.2,5.0
sphere,20,0.2,lr_adapt_proxy,100,-0.23843736043551503,1.0173571789092137,1.2556736187774549,0.0,1.0,3.89655984509591e-18,-4.266769171789906,1.558623938038364e-17,sigma_clamp_0.2_5.0,sigma_clamp,True,0.2,0.25,0.08,1.03,0.9,0.2,5.0
sphere,40,0.0,lr_adapt_proxy,100,1.6171826672837812,6.13484336872355,4.484782268071934,0.0,1.0,3.89655984509591e-18,3.793537670687275,1.558623938038364e-17,sigma_clamp_0.2_5.0,sigma_clamp,True,0.2,0.25,0.08,1.03,0.9,0.2,5.0
sphere,40,0.1,lr_adapt_proxy,100,1.5099065684665791,6.202299871093281,4.442941982512584,0.0,1.0,3.89655984509591e-18,4.107737525370309,1.558623938038364e-17,sigma_clamp_0.2_5.0,sigma_clamp,True,0.2,0.25,0.08,1.03,0.9,0.2,5.0
sphere,40,0.2,lr_adapt_proxy,100,1.6930524834295937,6.0437694233243615,4.206320203504017,0.0,1.0,3.89655984509591e-18,3.5697472361173226,1.558623938038364e-17,sigma_clamp_0.2_5.0,sigma_clamp,True,0.2,0.25,0.08,1.03,0.9,0.2,5.0
